#
# There is insufficient memory for the Java Runtime Environment to continue.
# Native memory allocation (mmap) failed to map 2097152 bytes. Error detail: G1 virtual space
# Possible reasons:
#   The system is out of physical RAM or swap space
#   This process is running with CompressedOops enabled, and the Java Heap may be blocking the growth of the native heap
# Possible solutions:
#   Reduce memory load on the system
#   Increase physical memory or swap space
#   Check if swap backing store is full
#   Decrease Java heap size (-Xmx/-Xms)
#   Decrease number of Java threads
#   Decrease Java thread stack sizes (-Xss)
#   Set larger code cache with -XX:ReservedCodeCacheSize=
#   JVM is running with Zero Based Compressed Oops mode in which the Java heap is
#     placed in the first 32GB address space. The Java Heap base address is the
#     maximum limit for the native heap growth. Please use -XX:HeapBaseMinAddress
#     to set the Java Heap base and to place the Java Heap above 32GB virtual address.
# This output file may be truncated or incomplete.
#
#  Out of Memory Error (os_windows.cpp:3630), pid=6644, tid=10648
#
# JRE version: OpenJDK Runtime Environment Temurin-17.0.20+8 (17.0.20+8) (build 17.0.20+8)
# Java VM: OpenJDK 64-Bit Server VM Temurin-17.0.20+8 (17.0.20+8, mixed mode, sharing, tiered, compressed oops, compressed class ptrs, g1 gc, windows-amd64)
# No core dump will be written. Minidumps are not enabled by default on client versions of Windows
#

---------------  S U M M A R Y ------------

Command Line: --add-opens=java.base/java.lang=ALL-UNNAMED --add-opens=java.base/java.lang.invoke=ALL-UNNAMED --add-opens=java.base/java.util=ALL-UNNAMED --add-opens=java.prefs/java.util.prefs=ALL-UNNAMED --add-exports=jdk.compiler/com.sun.tools.javac.api=ALL-UNNAMED --add-exports=jdk.compiler/com.sun.tools.javac.util=ALL-UNNAMED --add-opens=java.base/java.util=ALL-UNNAMED --add-opens=java.prefs/java.util.prefs=ALL-UNNAMED --add-opens=java.base/java.nio.charset=ALL-UNNAMED --add-opens=java.base/java.net=ALL-UNNAMED --add-opens=java.base/java.util.concurrent.atomic=ALL-UNNAMED --add-opens=java.xml/javax.xml.namespace=ALL-UNNAMED -Xmx4096m -Dfile.encoding=windows-1252 -Duser.country=US -Duser.language=en -Duser.variant -javaagent:C:\Users\hp\.gradle\wrapper\dists\gradle-8.14.3-bin\cv11ve7ro1n3o1j4so8xd9n66\gradle-8.14.3\lib\agents\gradle-instrumentation-agent-8.14.3.jar org.gradle.launcher.daemon.bootstrap.GradleDaemon 8.14.3

Host: Intel(R) Core(TM) i3-10110U CPU @ 2.10GHz, 4 cores, 7G,  Windows 11 , 64 bit Build 26100 (10.0.26100.9168)
Time: Sat Aug 15 01:48:15 2026 GMT Summer Time elapsed time: 463.779888 seconds (0d 0h 7m 43s)

---------------  T H R E A D  ---------------

Current thread (0x00000290034a3b00):  JavaThread "Execution worker" [_thread_in_vm, id=10648, stack(0x000000be99800000,0x000000be99900000)]

Stack: [0x000000be99800000,0x000000be99900000]
Native frames: (J=compiled Java code, j=interpreted, Vv=VM code, C=native code)
V  [jvm.dll+0x684d39]
V  [jvm.dll+0x83a565]
V  [jvm.dll+0x83bfde]
V  [jvm.dll+0x83c663]
V  [jvm.dll+0x2490cf]
V  [jvm.dll+0x681af9]
V  [jvm.dll+0x6768ba]
V  [jvm.dll+0x309467]
V  [jvm.dll+0x310a56]
V  [jvm.dll+0x360c1e]
V  [jvm.dll+0x361264]
V  [jvm.dll+0x360e08]
V  [jvm.dll+0x2e09e4]
V  [jvm.dll+0x2dcc05]
V  [jvm.dll+0x6177a3]
V  [jvm.dll+0x211b75]
V  [jvm.dll+0x8059a1]
V  [jvm.dll+0x6e0e39]
C  0x0000029024db75ad

The last pc belongs to _new_array_nozero_Java (printed below).
Java frames: (J=compiled Java code, j=interpreted, Vv=VM code)
v  ~RuntimeStub::_new_array_nozero_Java
J 25126 c2 kotlin.io.ByteStreamsKt.copyTo(Ljava/io/InputStream;Ljava/io/OutputStream;I)J (60 bytes) @ 0x000002902648c9dc [0x000002902648be60+0x0000000000000b7c]
J 25087 c1 kotlin.io.ByteStreamsKt.readBytes(Ljava/io/InputStream;)[B (47 bytes) @ 0x000002902000308c [0x0000029020002ba0+0x00000000000004ec]
J 25086 c1 com.android.tools.build.jetifier.processor.archive.Archive$Builder.extractFile(Ljava/util/zip/ZipInputStream;Ljava/nio/file/Path;Ljava/nio/file/attribute/FileTime;)Lcom/android/tools/build/jetifier/processor/archive/ArchiveFile; (39 bytes) @ 0x00000290200025a4 [0x0000029020002300+0x00000000000002a4]
j  com.android.tools.build.jetifier.processor.archive.Archive$Builder.extractArchive(Ljava/io/InputStream;Ljava/nio/file/Path;ZLjava/nio/file/attribute/FileTime;)Lcom/android/tools/build/jetifier/processor/archive/Archive;+144
j  com.android.tools.build.jetifier.processor.archive.Archive$Builder.extract(Ljava/io/File;Z)Lcom/android/tools/build/jetifier/processor/archive/Archive;+94
j  com.android.tools.build.jetifier.processor.archive.Archive$Builder.extract$default(Lcom/android/tools/build/jetifier/processor/archive/Archive$Builder;Ljava/io/File;ZILjava/lang/Object;)Lcom/android/tools/build/jetifier/processor/archive/Archive;+11
j  com.android.tools.build.jetifier.processor.Processor.loadLibraries(Ljava/lang/Iterable;)Ljava/util/Set;+98
j  com.android.tools.build.jetifier.processor.Processor.transform2(Ljava/util/Set;ZZ)Lcom/android/tools/build/jetifier/processor/TransformationResult;+372
j  com.android.build.gradle.internal.dependency.JetifyTransform.transform(Lorg/gradle/api/artifacts/transform/TransformOutputs;)V+369
j  org.gradle.api.internal.artifacts.transform.DefaultTransform.transform(Lorg/gradle/api/provider/Provider;Ljava/io/File;Lorg/gradle/api/internal/artifacts/transform/TransformDependencies;Lorg/gradle/work/InputChanges;)Lorg/gradle/api/internal/artifacts/transform/TransformExecutionResult;+42
j  org.gradle.api.internal.artifacts.transform.AbstractTransformExecution$2.call(Lorg/gradle/internal/operations/BuildOperationContext;)Lorg/gradle/api/internal/artifacts/transform/TransformExecutionResult;+96
j  org.gradle.api.internal.artifacts.transform.AbstractTransformExecution$2.call(Lorg/gradle/internal/operations/BuildOperationContext;)Ljava/lang/Object;+2
J 19376 c2 org.gradle.internal.operations.DefaultBuildOperationRunner$CallableBuildOperationWorker.execute(Lorg/gradle/internal/operations/BuildOperation;Lorg/gradle/internal/operations/BuildOperationContext;)V (10 bytes) @ 0x0000029025328290 [0x0000029025328220+0x0000000000000070]
J 14761 c2 org.gradle.internal.operations.DefaultBuildOperationRunner.execute(Lorg/gradle/internal/operations/BuildOperationDescriptor$Builder;Lorg/gradle/internal/operations/BuildOperationState;Lorg/gradle/internal/operations/DefaultBuildOperationRunner$BuildOperationExecution;)Ljava/lang/Object; (147 bytes) @ 0x00000290257d2098 [0x00000290257d0500+0x0000000000001b98]
J 18317 c2 org.gradle.internal.operations.DefaultBuildOperationRunner.call(Lorg/gradle/internal/operations/CallableBuildOperation;)Ljava/lang/Object; (24 bytes) @ 0x0000029025e0fcac [0x0000029025e0fb40+0x000000000000016c]
j  org.gradle.api.internal.artifacts.transform.AbstractTransformExecution.executeWithinTransformerListener(Lorg/gradle/internal/execution/UnitOfWork$ExecutionRequest;)Lorg/gradle/internal/execution/UnitOfWork$WorkOutput;+13
j  org.gradle.api.internal.artifacts.transform.AbstractTransformExecution.execute(Lorg/gradle/internal/execution/UnitOfWork$ExecutionRequest;)Lorg/gradle/internal/execution/UnitOfWork$WorkOutput;+19
j  org.gradle.internal.execution.steps.ExecuteStep.executeInternal(Lorg/gradle/internal/execution/UnitOfWork;Lorg/gradle/internal/execution/steps/InputChangesContext;)Lorg/gradle/internal/execution/steps/Result;+16
j  org.gradle.internal.execution.steps.ExecuteStep.access$000(Lorg/gradle/internal/execution/UnitOfWork;Lorg/gradle/internal/execution/steps/InputChangesContext;)Lorg/gradle/internal/execution/steps/Result;+2
j  org.gradle.internal.execution.steps.ExecuteStep$1.call(Lorg/gradle/internal/operations/BuildOperationContext;)Lorg/gradle/internal/execution/steps/Result;+8
j  org.gradle.internal.execution.steps.ExecuteStep$1.call(Lorg/gradle/internal/operations/BuildOperationContext;)Ljava/lang/Object;+2
J 19376 c2 org.gradle.internal.operations.DefaultBuildOperationRunner$CallableBuildOperationWorker.execute(Lorg/gradle/internal/operations/BuildOperation;Lorg/gradle/internal/operations/BuildOperationContext;)V (10 bytes) @ 0x0000029025328290 [0x0000029025328220+0x0000000000000070]
J 14761 c2 org.gradle.internal.operations.DefaultBuildOperationRunner.execute(Lorg/gradle/internal/operations/BuildOperationDescriptor$Builder;Lorg/gradle/internal/operations/BuildOperationState;Lorg/gradle/internal/operations/DefaultBuildOperationRunner$BuildOperationExecution;)Ljava/lang/Object; (147 bytes) @ 0x00000290257d2098 [0x00000290257d0500+0x0000000000001b98]
J 18317 c2 org.gradle.internal.operations.DefaultBuildOperationRunner.call(Lorg/gradle/internal/operations/CallableBuildOperation;)Ljava/lang/Object; (24 bytes) @ 0x0000029025e0fcac [0x0000029025e0fb40+0x000000000000016c]
j  org.gradle.internal.execution.steps.ExecuteStep.execute(Lorg/gradle/internal/execution/UnitOfWork;Lorg/gradle/internal/execution/steps/ChangingOutputsContext;)Lorg/gradle/internal/execution/steps/Result;+28
j  org.gradle.internal.execution.steps.ExecuteStep.execute(Lorg/gradle/internal/execution/UnitOfWork;Lorg/gradle/internal/execution/steps/Context;)Lorg/gradle/internal/execution/steps/Result;+6
j  org.gradle.internal.execution.steps.CancelExecutionStep.execute(Lorg/gradle/internal/execution/UnitOfWork;Lorg/gradle/internal/execution/steps/Context;)Lorg/gradle/internal/execution/steps/Result;+35
j  org.gradle.internal.execution.steps.TimeoutStep.executeWithoutTimeout(Lorg/gradle/internal/execution/UnitOfWork;Lorg/gradle/internal/execution/steps/Context;)Lorg/gradle/internal/execution/steps/Result;+6
j  org.gradle.internal.execution.steps.TimeoutStep.execute(Lorg/gradle/internal/execution/UnitOfWork;Lorg/gradle/internal/execution/steps/Context;)Lorg/gradle/internal/execution/steps/Result;+92
j  org.gradle.internal.execution.steps.PreCreateOutputParentsStep.execute(Lorg/gradle/internal/execution/UnitOfWork;Lorg/gradle/internal/execution/steps/ChangingOutputsContext;)Lorg/gradle/internal/execution/steps/Result;+24
j  org.gradle.internal.execution.steps.PreCreateOutputParentsStep.execute(Lorg/gradle/internal/execution/UnitOfWork;Lorg/gradle/internal/execution/steps/Context;)Lorg/gradle/internal/execution/steps/Result;+6
j  org.gradle.internal.execution.steps.BroadcastChangingOutputsStep.execute(Lorg/gradle/internal/execution/UnitOfWork;Lorg/gradle/internal/execution/steps/InputChangesContext;)Lorg/gradle/internal/execution/steps/Result;+53
j  org.gradle.internal.execution.steps.BroadcastChangingOutputsStep.execute(Lorg/gradle/internal/execution/UnitOfWork;Lorg/gradle/internal/execution/steps/Context;)Lorg/gradle/internal/execution/steps/Result;+6
j  org.gradle.internal.execution.steps.NoInputChangesStep.execute(Lorg/gradle/internal/execution/UnitOfWork;Lorg/gradle/internal/execution/steps/ValidationFinishedContext;)Lorg/gradle/internal/execution/steps/Result;+23
j  org.gradle.internal.execution.steps.NoInputChangesStep.execute(Lorg/gradle/internal/execution/UnitOfWork;Lorg/gradle/internal/execution/steps/Context;)Lorg/gradle/internal/execution/steps/Result;+6
j  org.gradle.internal.execution.steps.CaptureOutputsAfterExecutionStep.execute(Lorg/gradle/internal/execution/UnitOfWork;Lorg/gradle/internal/execution/steps/WorkspaceContext;)Lorg/gradle/internal/execution/steps/AfterExecutionResult;+6
j  org.gradle.internal.execution.steps.CaptureOutputsAfterExecutionStep.execute(Lorg/gradle/internal/execution/UnitOfWork;Lorg/gradle/internal/execution/steps/Context;)Lorg/gradle/internal/execution/steps/Result;+6
j  org.gradle.internal.execution.steps.BuildCacheStep.executeWithoutCache(Lorg/gradle/internal/execution/UnitOfWork;Lorg/gradle/internal/execution/steps/WorkspaceContext;)Lorg/gradle/internal/execution/steps/AfterExecutionResult;+6
j  org.gradle.internal.execution.steps.BuildCacheStep.lambda$execute$1(Lorg/gradle/internal/execution/UnitOfWork;Lorg/gradle/internal/execution/steps/WorkspaceContext;Lorg/gradle/internal/execution/caching/CachingState$Disabled;)Lorg/gradle/internal/execution/steps/AfterExecutionResult;+3
j  org.gradle.internal.execution.steps.BuildCacheStep$$Lambda$2216+0x000002903ac77260.apply(Ljava/lang/Object;)Ljava/lang/Object;+16
j  org.gradle.internal.Either$Right.fold(Ljava/util/function/Function;Ljava/util/function/Function;)Ljava/lang/Object;+5
j  org.gradle.internal.execution.caching.CachingState.fold(Ljava/util/function/Function;Ljava/util/function/Function;)Ljava/lang/Object;+6
j  org.gradle.internal.execution.steps.BuildCacheStep.execute(Lorg/gradle/internal/execution/UnitOfWork;Lorg/gradle/internal/execution/steps/WorkspaceContext;)Lorg/gradle/internal/execution/steps/AfterExecutionResult;+25
j  org.gradle.internal.execution.steps.BuildCacheStep.execute(Lorg/gradle/internal/execution/UnitOfWork;Lorg/gradle/internal/execution/steps/Context;)Lorg/gradle/internal/execution/steps/Result;+6
j  org.gradle.internal.execution.steps.NeverUpToDateStep.execute(Lorg/gradle/internal/execution/UnitOfWork;Lorg/gradle/internal/execution/steps/NonIncrementalCachingContext;)Lorg/gradle/internal/execution/steps/UpToDateResult;+6
j  org.gradle.internal.execution.steps.NeverUpToDateStep.execute(Lorg/gradle/internal/execution/UnitOfWork;Lorg/gradle/internal/execution/steps/Context;)Lorg/gradle/internal/execution/steps/Result;+6
j  org.gradle.internal.execution.steps.legacy.MarkSnapshottingInputsFinishedStep.execute(Lorg/gradle/internal/execution/UnitOfWork;Lorg/gradle/internal/execution/steps/CachingContext;)Lorg/gradle/internal/execution/steps/Result;+18
j  org.gradle.internal.execution.steps.legacy.MarkSnapshottingInputsFinishedStep.execute(Lorg/gradle/internal/execution/UnitOfWork;Lorg/gradle/internal/execution/steps/Context;)Lorg/gradle/internal/execution/steps/Result;+6
j  org.gradle.internal.execution.steps.ResolveNonIncrementalCachingStateStep.executeDelegate(Lorg/gradle/internal/execution/UnitOfWork;Lorg/gradle/internal/execution/steps/ValidationFinishedContext;Lorg/gradle/internal/execution/caching/CachingState;)Lorg/gradle/internal/execution/steps/UpToDateResult;+14
j  org.gradle.internal.execution.steps.AbstractResolveCachingStateStep.execute(Lorg/gradle/internal/execution/UnitOfWork;Lorg/gradle/internal/execution/steps/ValidationFinishedContext;)Lorg/gradle/internal/execution/steps/CachingResult;+51
j  org.gradle.internal.execution.steps.AbstractResolveCachingStateStep.execute(Lorg/gradle/internal/execution/UnitOfWork;Lorg/gradle/internal/execution/steps/Context;)Lorg/gradle/internal/execution/steps/Result;+6
j  org.gradle.internal.execution.steps.ValidateStep.execute(Lorg/gradle/internal/execution/UnitOfWork;Lorg/gradle/internal/execution/steps/BeforeExecutionContext;)Lorg/gradle/internal/execution/steps/Result;+255
j  org.gradle.internal.execution.steps.ValidateStep.execute(Lorg/gradle/internal/execution/UnitOfWork;Lorg/gradle/internal/execution/steps/Context;)Lorg/gradle/internal/execution/steps/Result;+6
J 24892 c1 org.gradle.internal.execution.steps.AbstractCaptureStateBeforeExecutionStep.execute(Lorg/gradle/internal/execution/UnitOfWork;Lorg/gradle/internal/execution/steps/PreviousExecutionContext;)Lorg/gradle/internal/execution/steps/CachingResult; (41 bytes) @ 0x000002901ff8ecb4 [0x000002901ff8e460+0x0000000000000854]
J 24891 c1 org.gradle.internal.execution.steps.AbstractCaptureStateBeforeExecutionStep.execute(Lorg/gradle/internal/execution/UnitOfWork;Lorg/gradle/internal/execution/steps/Context;)Lorg/gradle/internal/execution/steps/Result; (10 bytes) @ 0x000002901ff8e024 [0x000002901ff8de40+0x00000000000001e4]
J 24842 c1 org.gradle.internal.execution.steps.legacy.MarkSnapshottingInputsStartedStep.execute(Lorg/gradle/internal/execution/UnitOfWork;Lorg/gradle/internal/execution/steps/Context;)Lorg/gradle/internal/execution/steps/Result; (37 bytes) @ 0x000002901ff70d3c [0x000002901ff70b60+0x00000000000001dc]
j  org.gradle.internal.execution.steps.AssignImmutableWorkspaceStep.lambda$executeInTemporaryWorkspace$3(Lorg/gradle/internal/execution/steps/IdentityContext;Lorg/gradle/internal/execution/UnitOfWork;Lorg/gradle/internal/execution/workspace/ImmutableWorkspaceProvider$ImmutableWorkspace;Ljava/io/File;)Lorg/gradle/internal/execution/steps/WorkspaceResult;+50
j  org.gradle.internal.execution.steps.AssignImmutableWorkspaceStep$$Lambda$2207+0x000002903ac75708.executeInTemporaryWorkspace(Ljava/io/File;)Ljava/lang/Object;+17
j  org.gradle.internal.execution.workspace.impl.CacheBasedImmutableWorkspaceProvider$1.withTemporaryWorkspace(Lorg/gradle/internal/execution/workspace/ImmutableWorkspaceProvider$ImmutableWorkspace$TemporaryWorkspaceAction;)Ljava/lang/Object;+47
j  org.gradle.internal.execution.steps.AssignImmutableWorkspaceStep.executeInTemporaryWorkspace(Lorg/gradle/internal/execution/UnitOfWork;Lorg/gradle/internal/execution/steps/IdentityContext;Lorg/gradle/internal/execution/workspace/ImmutableWorkspaceProvider$ImmutableWorkspace;)Lorg/gradle/internal/execution/steps/WorkspaceResult;+10
j  org.gradle.internal.execution.steps.AssignImmutableWorkspaceStep.lambda$execute$0(Lorg/gradle/internal/execution/UnitOfWork;Lorg/gradle/internal/execution/steps/IdentityContext;Lorg/gradle/internal/execution/workspace/ImmutableWorkspaceProvider$ImmutableWorkspace;)Lorg/gradle/internal/execution/steps/WorkspaceResult;+4
j  org.gradle.internal.execution.steps.AssignImmutableWorkspaceStep$$Lambda$519+0x000002903a48cc00.get()Ljava/lang/Object;+16
J 11004 c1 org.gradle.internal.execution.steps.AssignImmutableWorkspaceStep.execute(Lorg/gradle/internal/execution/UnitOfWork;Lorg/gradle/internal/execution/steps/IdentityContext;)Lorg/gradle/internal/execution/steps/WorkspaceResult; (55 bytes) @ 0x000002901dbd5b1c [0x000002901dbd50a0+0x0000000000000a7c]
J 12659 c1 org.gradle.internal.execution.steps.AssignImmutableWorkspaceStep.execute(Lorg/gradle/internal/execution/UnitOfWork;Lorg/gradle/internal/execution/steps/Context;)Lorg/gradle/internal/execution/steps/Result; (10 bytes) @ 0x000002901ecf4934 [0x000002901ecf47c0+0x0000000000000174]
J 11525 c1 org.gradle.internal.execution.steps.ChoosePipelineStep.execute(Lorg/gradle/internal/execution/UnitOfWork;Lorg/gradle/internal/execution/steps/IdentityContext;)Lorg/gradle/internal/execution/steps/Result; (71 bytes) @ 0x000002901e191c14 [0x000002901e191320+0x00000000000008f4]
J 10974 c1 org.gradle.internal.execution.steps.ChoosePipelineStep.execute(Lorg/gradle/internal/execution/UnitOfWork;Lorg/gradle/internal/execution/steps/Context;)Lorg/gradle/internal/execution/steps/Result; (10 bytes) @ 0x000002901df34934 [0x000002901df347c0+0x0000000000000174]
J 12690 c1 org.gradle.internal.execution.steps.ExecuteWorkBuildOperationFiringStep.lambda$execute$0(Lorg/gradle/internal/execution/UnitOfWork;Lorg/gradle/internal/execution/steps/IdentityContext;Lorg/gradle/internal/operations/BuildOperationContext;)Lorg/gradle/internal/execution/steps/CachingResult; (78 bytes) @ 0x000002901ed01774 [0x000002901ed01660+0x0000000000000114]
J 11410 c1 org.gradle.internal.execution.steps.ExecuteWorkBuildOperationFiringStep$$Lambda$970+0x000002903a672220.apply(Ljava/lang/Object;)Ljava/lang/Object; (20 bytes) @ 0x000002901d94cce4 [0x000002901d94cb40+0x00000000000001a4]
J 19379 c2 org.gradle.internal.execution.steps.BuildOperationStep$1.call(Lorg/gradle/internal/operations/BuildOperationContext;)Ljava/lang/Object; (11 bytes) @ 0x000002902541d2e8 [0x000002902541d2a0+0x0000000000000048]
J 19376 c2 org.gradle.internal.operations.DefaultBuildOperationRunner$CallableBuildOperationWorker.execute(Lorg/gradle/internal/operations/BuildOperation;Lorg/gradle/internal/operations/BuildOperationContext;)V (10 bytes) @ 0x0000029025328290 [0x0000029025328220+0x0000000000000070]
J 14761 c2 org.gradle.internal.operations.DefaultBuildOperationRunner.execute(Lorg/gradle/internal/operations/BuildOperationDescriptor$Builder;Lorg/gradle/internal/operations/BuildOperationState;Lorg/gradle/internal/operations/DefaultBuildOperationRunner$BuildOperationExecution;)Ljava/lang/Object; (147 bytes) @ 0x00000290257d2098 [0x00000290257d0500+0x0000000000001b98]
J 19743 c2 org.gradle.internal.execution.steps.BuildOperationStep.operation(Ljava/util/function/Function;Lorg/gradle/internal/operations/BuildOperationDescriptor$Builder;)Ljava/lang/Object; (20 bytes) @ 0x0000029025b42b34 [0x0000029025b42960+0x00000000000001d4]
J 11414 c1 org.gradle.internal.execution.steps.ExecuteWorkBuildOperationFiringStep.lambda$execute$1(Lorg/gradle/internal/execution/UnitOfWork;Lorg/gradle/internal/execution/steps/IdentityContext;Ljava/lang/String;)Lorg/gradle/internal/execution/steps/CachingResult; (41 bytes) @ 0x000002901d8bf3c4 [0x000002901d8be920+0x0000000000000aa4]
J 11423 c1 org.gradle.internal.execution.steps.ExecuteWorkBuildOperationFiringStep$$Lambda$463+0x000002903a433af8.apply(Ljava/lang/Object;)Ljava/lang/Object; (20 bytes) @ 0x000002901dff6acc [0x000002901dff6940+0x000000000000018c]
J 12231 c1 org.gradle.internal.execution.steps.ExecuteWorkBuildOperationFiringStep.execute(Lorg/gradle/internal/execution/UnitOfWork;Lorg/gradle/internal/execution/steps/Context;)Lorg/gradle/internal/execution/steps/Result; (10 bytes) @ 0x000002901ebddfc4 [0x000002901ebdd740+0x0000000000000884]
J 11408 c1 org.gradle.internal.execution.steps.IdentityCacheStep.executeInCache(Lorg/gradle/internal/execution/UnitOfWork;Lorg/gradle/internal/execution/steps/IdentityContext;)Lorg/gradle/internal/execution/ExecutionEngine$IdentityCacheResult; (45 bytes) @ 0x000002901d8c033c [0x000002901d8c01e0+0x000000000000015c]
J 11413 c1 org.gradle.internal.execution.steps.IdentityCacheStep$$Lambda$969+0x000002903a672000.get()Ljava/lang/Object; (16 bytes) @ 0x000002901d94bc14 [0x000002901d94bb40+0x00000000000000d4]
J 7166 c1 org.gradle.cache.Cache$$Lambda$89+0x000002903a0f5af8.apply(Ljava/lang/Object;)Ljava/lang/Object; (9 bytes) @ 0x000002901e43a084 [0x000002901e439f40+0x0000000000000144]
J 16365 c2 java.util.concurrent.ConcurrentHashMap.computeIfAbsent(Ljava/lang/Object;Ljava/util/function/Function;)Ljava/lang/Object; java.base@17.0.20 (576 bytes) @ 0x0000029025b8c398 [0x0000029025b8b8c0+0x0000000000000ad8]
J 17437 c2 org.gradle.cache.Cache.get(Ljava/lang/Object;Ljava/util/function/Supplier;)Ljava/lang/Object; (14 bytes) @ 0x0000029025d48608 [0x0000029025d48520+0x00000000000000e8]
J 11398 c1 org.gradle.internal.execution.steps.IdentityCacheStep.lambda$executeDeferred$1(Lorg/gradle/cache/Cache;Lorg/gradle/internal/execution/UnitOfWork$Identity;Lorg/gradle/internal/execution/UnitOfWork;Lorg/gradle/internal/execution/steps/IdentityContext;)Lorg/gradle/internal/Try; (41 bytes) @ 0x000002901e15d10c [0x000002901e15cb80+0x000000000000058c]
J 11399 c1 org.gradle.internal.execution.steps.IdentityCacheStep$$Lambda$964+0x000002903a66f500.get()Ljava/lang/Object; (24 bytes) @ 0x000002901d8ef6e4 [0x000002901d8ef640+0x00000000000000a4]
J 20950 c2 org.gradle.internal.Deferrable$3.completeAndGet()Ljava/lang/Object; (46 bytes) @ 0x00000290261901f8 [0x0000029026190120+0x00000000000000d8]
J 20820 c2 org.gradle.internal.Deferrable$1.completeAndGet()Ljava/lang/Object; (18 bytes) @ 0x000002902615e06c [0x000002902615e020+0x000000000000004c]
J 20820 c2 org.gradle.internal.Deferrable$1.completeAndGet()Ljava/lang/Object; (18 bytes) @ 0x000002902615e06c [0x000002902615e020+0x000000000000004c]
J 18907 c1 org.gradle.internal.Deferrable$$Lambda$1009+0x000002903a684220.get()Ljava/lang/Object; (14 bytes) @ 0x000002901f7549a4 [0x000002901f754780+0x0000000000000224]
J 20950 c2 org.gradle.internal.Deferrable$3.completeAndGet()Ljava/lang/Object; (46 bytes) @ 0x00000290261901f8 [0x0000029026190120+0x00000000000000d8]
J 11016 c1 org.gradle.api.internal.artifacts.transform.TransformingAsyncArtifactListener$TransformedArtifact.finalizeValue()Lorg/gradle/internal/Try; (168 bytes) @ 0x000002901ddb2afc [0x000002901ddb1ee0+0x0000000000000c1c]
J 14630 c1 org.gradle.api.internal.artifacts.transform.TransformingAsyncArtifactListener$TransformedArtifact.run(Lorg/gradle/internal/operations/BuildOperationContext;)V (6 bytes) @ 0x000002901e12dcb4 [0x000002901e12dc40+0x0000000000000074]
J 11486 c1 org.gradle.internal.operations.DefaultBuildOperationExecutor$$Lambda$941+0x000002903a662430.execute(Lorg/gradle/internal/operations/BuildOperation;Lorg/gradle/internal/operations/BuildOperationContext;)V (11 bytes) @ 0x000002901d8dedd4 [0x000002901d8debc0+0x0000000000000214]
J 14761 c2 org.gradle.internal.operations.DefaultBuildOperationRunner.execute(Lorg/gradle/internal/operations/BuildOperationDescriptor$Builder;Lorg/gradle/internal/operations/BuildOperationState;Lorg/gradle/internal/operations/DefaultBuildOperationRunner$BuildOperationExecution;)Ljava/lang/Object; (147 bytes) @ 0x00000290257d2098 [0x00000290257d0500+0x0000000000001b98]
J 14855 c2 org.gradle.internal.operations.DefaultBuildOperationRunner.execute(Lorg/gradle/internal/operations/BuildOperation;Lorg/gradle/internal/operations/BuildOperationWorker;Lorg/gradle/internal/operations/BuildOperationState;)V (23 bytes) @ 0x00000290259c2864 [0x00000290259c27a0+0x00000000000000c4]
J 20948 c1 org.gradle.internal.operations.DefaultBuildOperationQueue$WorkerRunnable.doRunBatch(Lorg/gradle/internal/operations/BuildOperation;)I (44 bytes) @ 0x000002901f961efc [0x000002901f961ca0+0x000000000000025c]
j  org.gradle.internal.operations.DefaultBuildOperationQueue$WorkerRunnable.lambda$runBatch$0(Lorg/gradle/internal/operations/BuildOperation;)Ljava/lang/Integer;+2
j  org.gradle.internal.operations.DefaultBuildOperationQueue$WorkerRunnable$$Lambda$944+0x000002903a663148.create()Ljava/lang/Object;+8
J 24952 c1 org.gradle.internal.resources.AbstractResourceLockRegistry.whileDisallowingLockChanges(Lorg/gradle/internal/Factory;)Ljava/lang/Object; (44 bytes) @ 0x000002901ffbef6c [0x000002901ffbede0+0x000000000000018c]
j  org.gradle.internal.work.DefaultWorkerLeaseService.whileDisallowingProjectLockChanges(Lorg/gradle/internal/Factory;)Ljava/lang/Object;+14
j  org.gradle.internal.operations.DefaultBuildOperationQueue$WorkerRunnable.lambda$runBatch$1(Lorg/gradle/internal/operations/BuildOperation;)Ljava/lang/Integer;+33
J 24949 c1 org.gradle.internal.operations.DefaultBuildOperationQueue$WorkerRunnable$$Lambda$942+0x000002903a662d08.create()Ljava/lang/Object; (12 bytes) @ 0x000002901ffbd04c [0x000002901ffbcfc0+0x000000000000008c]
j  org.gradle.internal.work.DefaultWorkerLeaseService.runAsWorkerThread(Lorg/gradle/internal/Factory;)Ljava/lang/Object;+18
J 20944 c1 org.gradle.internal.operations.DefaultBuildOperationQueue$WorkerRunnable.run()V (48 bytes) @ 0x000002901f960da4 [0x000002901f960840+0x0000000000000564]
j  org.gradle.internal.operations.DefaultBuildOperationQueue.waitForCompletion()V+13
j  org.gradle.internal.operations.DefaultBuildOperationExecutor.executeInParallel(ZLorg/gradle/internal/operations/BuildOperationQueue$QueueWorker;Lorg/gradle/api/Action;Lorg/gradle/internal/operations/BuildOperationConstraint;)V+102
j  org.gradle.internal.operations.DefaultBuildOperationExecutor.runAll(Lorg/gradle/api/Action;Lorg/gradle/internal/operations/BuildOperationConstraint;)V+22
j  org.gradle.api.internal.artifacts.ivyservice.resolveengine.artifact.ParallelResolveArtifactSet$VisitingSet.visit(Lorg/gradle/api/internal/artifacts/ivyservice/resolveengine/artifact/ArtifactVisitor;)V+18
j  org.gradle.api.internal.artifacts.ivyservice.resolveengine.artifact.ResolvedArtifactSetResolver$1.run(Lorg/gradle/internal/operations/BuildOperationContext;)V+18
J 17321 c2 org.gradle.internal.operations.DefaultBuildOperationRunner$1.execute(Lorg/gradle/internal/operations/BuildOperation;Lorg/gradle/internal/operations/BuildOperationContext;)V (10 bytes) @ 0x0000029025d2a308 [0x0000029025d2a2a0+0x0000000000000068]
J 14761 c2 org.gradle.internal.operations.DefaultBuildOperationRunner.execute(Lorg/gradle/internal/operations/BuildOperationDescriptor$Builder;Lorg/gradle/internal/operations/BuildOperationState;Lorg/gradle/internal/operations/DefaultBuildOperationRunner$BuildOperationExecution;)Ljava/lang/Object; (147 bytes) @ 0x00000290257d2098 [0x00000290257d0500+0x0000000000001b98]
J 14855 c2 org.gradle.internal.operations.DefaultBuildOperationRunner.execute(Lorg/gradle/internal/operations/BuildOperation;Lorg/gradle/internal/operations/BuildOperationWorker;Lorg/gradle/internal/operations/BuildOperationState;)V (23 bytes) @ 0x00000290259c2864 [0x00000290259c27a0+0x00000000000000c4]
J 7902 c1 org.gradle.internal.operations.DefaultBuildOperationRunner.run(Lorg/gradle/internal/operations/RunnableBuildOperation;)V (13 bytes) @ 0x000002901e58a75c [0x000002901e58a380+0x00000000000003dc]
j  org.gradle.api.internal.artifacts.ivyservice.resolveengine.artifact.ResolvedArtifactSetResolver.visitArtifacts(Lorg/gradle/api/internal/artifacts/ivyservice/resolveengine/artifact/ResolvedArtifactSet;Lorg/gradle/api/internal/artifacts/ivyservice/resolveengine/artifact/ArtifactVisitor;Lorg/gradle/api/internal/artifacts/configurations/ResolutionHost;)V+15
j  org.gradle.api.internal.artifacts.ivyservice.resolveengine.artifact.ResolvedArtifactSetResolver.lambda$visitInUnmanagedWorkerThread$0(Lorg/gradle/api/internal/artifacts/ivyservice/resolveengine/artifact/ResolvedArtifactSet;Lorg/gradle/api/internal/artifacts/ivyservice/resolveengine/artifact/ArtifactVisitor;Lorg/gradle/api/internal/artifacts/configurations/ResolutionHost;)V+4
j  org.gradle.api.internal.artifacts.ivyservice.resolveengine.artifact.ResolvedArtifactSetResolver$$Lambda$896+0x000002903a657798.run()V+16
j  org.gradle.internal.work.DefaultWorkerLeaseService.runAsUnmanagedWorkerThread(Ljava/lang/Runnable;)V+18
j  org.gradle.api.internal.artifacts.ivyservice.resolveengine.artifact.ResolvedArtifactSetResolver.visitInUnmanagedWorkerThread(Lorg/gradle/api/internal/artifacts/ivyservice/resolveengine/artifact/ResolvedArtifactSet;Lorg/gradle/api/internal/artifacts/ivyservice/resolveengine/artifact/ArtifactVisitor;Lorg/gradle/api/internal/artifacts/configurations/ResolutionHost;)V+13
j  org.gradle.api.internal.artifacts.ivyservice.resolveengine.artifact.DefaultSelectedArtifactSet.visitArtifacts(Lorg/gradle/api/internal/artifacts/ivyservice/resolveengine/artifact/ArtifactVisitor;Z)V+50
j  org.gradle.api.internal.artifacts.configurations.ResolutionResultProviderBackedSelectedArtifactSet.visitArtifacts(Lorg/gradle/api/internal/artifacts/ivyservice/resolveengine/artifact/ArtifactVisitor;Z)V+29
j  org.gradle.api.internal.artifacts.ivyservice.resolveengine.artifact.SelectedArtifactSet.visitFiles(Lorg/gradle/api/internal/artifacts/ivyservice/resolveengine/artifact/ResolvedFileVisitor;Z)V+10
j  org.gradle.api.internal.artifacts.configurations.ResolutionBackedFileCollection.visitContents(Lorg/gradle/api/internal/file/FileCollectionStructureVisitor;)V+18
J 24326 c2 org.gradle.api.internal.file.CompositeFileCollection$$Lambda$956+0x000002903a66dad0.accept(Ljava/lang/Object;)V (12 bytes) @ 0x00000290263b0a74 [0x00000290263b09a0+0x00000000000000d4]
J 22313 c2 org.gradle.api.internal.file.collections.UnpackingVisitor.add(Ljava/lang/Object;)V (367 bytes) @ 0x0000029025ca3520 [0x0000029025ca34a0+0x0000000000000080]
J 10882 c1 org.gradle.api.internal.file.collections.DefaultConfigurableFileCollection$UnresolvedItemsCollector.visitContents(Ljava/util/function/Consumer;)V (58 bytes) @ 0x000002901e3cf79c [0x000002901e3cf500+0x000000000000029c]
J 10768 c1 org.gradle.api.internal.file.collections.DefaultConfigurableFileCollection.visitChildren(Ljava/util/function/Consumer;)V (34 bytes) @ 0x000002901de3f624 [0x000002901de3ea40+0x0000000000000be4]
J 24360 c2 org.gradle.api.internal.file.CompositeFileCollection.visitContents(Lorg/gradle/api/internal/file/FileCollectionStructureVisitor;)V (11 bytes) @ 0x00000290263b482c [0x00000290263b47a0+0x000000000000008c]
J 24662 c2 org.gradle.api.internal.file.AbstractFileCollection.getFiles()Ljava/util/Set; (23 bytes) @ 0x0000029026407398 [0x0000029026407220+0x0000000000000178]
J 11038 c1 org.gradle.api.internal.file.AbstractFileCollection.iterator()Ljava/util/Iterator; (10 bytes) @ 0x000002901e15fa3c [0x000002901e15f940+0x00000000000000fc]
j  org.gradle.api.internal.file.FilteredFileCollection.iterator()Ljava/util/Iterator;+4
J 24594 c2 org.gradle.api.internal.file.AbstractFileCollection$1.visitCollection(Lorg/gradle/api/internal/file/FileCollectionInternal$Source;Ljava/lang/Iterable;)V (43 bytes) @ 0x00000290263f6e84 [0x00000290263f6e40+0x0000000000000044]
j  org.gradle.api.internal.file.AbstractFileCollection.visitContents(Lorg/gradle/api/internal/file/FileCollectionStructureVisitor;)V+5
J 24326 c2 org.gradle.api.internal.file.CompositeFileCollection$$Lambda$956+0x000002903a66dad0.accept(Ljava/lang/Object;)V (12 bytes) @ 0x00000290263b0a74 [0x00000290263b09a0+0x00000000000000d4]
J 22313 c2 org.gradle.api.internal.file.collections.UnpackingVisitor.add(Ljava/lang/Object;)V (367 bytes) @ 0x0000029025ca3520 [0x0000029025ca34a0+0x0000000000000080]
J 16520 c1 org.gradle.api.internal.file.collections.ProviderBackedFileCollection.visitChildren(Ljava/util/function/Consumer;)V (37 bytes) @ 0x000002901e2c274c [0x000002901e2c2560+0x00000000000001ec]
J 24360 c2 org.gradle.api.internal.file.CompositeFileCollection.visitContents(Lorg/gradle/api/internal/file/FileCollectionStructureVisitor;)V (11 bytes) @ 0x00000290263b482c [0x00000290263b47a0+0x000000000000008c]
J 24326 c2 org.gradle.api.internal.file.CompositeFileCollection$$Lambda$956+0x000002903a66dad0.accept(Ljava/lang/Object;)V (12 bytes) @ 0x00000290263b0a74 [0x00000290263b09a0+0x00000000000000d4]
J 22313 c2 org.gradle.api.internal.file.collections.UnpackingVisitor.add(Ljava/lang/Object;)V (367 bytes) @ 0x0000029025ca3700 [0x0000029025ca34a0+0x0000000000000260]
J 10882 c1 org.gradle.api.internal.file.collections.DefaultConfigurableFileCollection$UnresolvedItemsCollector.visitContents(Ljava/util/function/Consumer;)V (58 bytes) @ 0x000002901e3cf79c [0x000002901e3cf500+0x000000000000029c]
J 10768 c1 org.gradle.api.internal.file.collections.DefaultConfigurableFileCollection.visitChildren(Ljava/util/function/Consumer;)V (34 bytes) @ 0x000002901de3f624 [0x000002901de3ea40+0x0000000000000be4]
J 24360 c2 org.gradle.api.internal.file.CompositeFileCollection.visitContents(Lorg/gradle/api/internal/file/FileCollectionStructureVisitor;)V (11 bytes) @ 0x00000290263b482c [0x00000290263b47a0+0x000000000000008c]
J 24326 c2 org.gradle.api.internal.file.CompositeFileCollection$$Lambda$956+0x000002903a66dad0.accept(Ljava/lang/Object;)V (12 bytes) @ 0x00000290263b0a74 [0x00000290263b09a0+0x00000000000000d4]
J 22313 c2 org.gradle.api.internal.file.collections.UnpackingVisitor.add(Ljava/lang/Object;)V (367 bytes) @ 0x0000029025ca3520 [0x0000029025ca34a0+0x0000000000000080]
J 22313 c2 org.gradle.api.internal.file.collections.UnpackingVisitor.add(Ljava/lang/Object;)V (367 bytes) @ 0x0000029025ca3d74 [0x0000029025ca34a0+0x00000000000008d4]
J 10882 c1 org.gradle.api.internal.file.collections.DefaultConfigurableFileCollection$UnresolvedItemsCollector.visitContents(Ljava/util/function/Consumer;)V (58 bytes) @ 0x000002901e3cf79c [0x000002901e3cf500+0x000000000000029c]
J 10768 c1 org.gradle.api.internal.file.collections.DefaultConfigurableFileCollection.visitChildren(Ljava/util/function/Consumer;)V (34 bytes) @ 0x000002901de3f624 [0x000002901de3ea40+0x0000000000000be4]
J 24360 c2 org.gradle.api.internal.file.CompositeFileCollection.visitContents(Lorg/gradle/api/internal/file/FileCollectionStructureVisitor;)V (11 bytes) @ 0x00000290263b482c [0x00000290263b47a0+0x000000000000008c]
J 24326 c2 org.gradle.api.internal.file.CompositeFileCollection$$Lambda$956+0x000002903a66dad0.accept(Ljava/lang/Object;)V (12 bytes) @ 0x00000290263b0a74 [0x00000290263b09a0+0x00000000000000d4]
J 22313 c2 org.gradle.api.internal.file.collections.UnpackingVisitor.add(Ljava/lang/Object;)V (367 bytes) @ 0x0000029025ca3520 [0x0000029025ca34a0+0x0000000000000080]
J 22313 c2 org.gradle.api.internal.file.collections.UnpackingVisitor.add(Ljava/lang/Object;)V (367 bytes) @ 0x0000029025ca3d74 [0x0000029025ca34a0+0x00000000000008d4]
J 22313 c2 org.gradle.api.internal.file.collections.UnpackingVisitor.add(Ljava/lang/Object;)V (367 bytes) @ 0x0000029025ca3b40 [0x0000029025ca34a0+0x00000000000006a0]
J 10882 c1 org.gradle.api.internal.file.collections.DefaultConfigurableFileCollection$UnresolvedItemsCollector.visitContents(Ljava/util/function/Consumer;)V (58 bytes) @ 0x000002901e3cf79c [0x000002901e3cf500+0x000000000000029c]
J 10768 c1 org.gradle.api.internal.file.collections.DefaultConfigurableFileCollection.visitChildren(Ljava/util/function/Consumer;)V (34 bytes) @ 0x000002901de3f624 [0x000002901de3ea40+0x0000000000000be4]
J 24360 c2 org.gradle.api.internal.file.CompositeFileCollection.visitContents(Lorg/gradle/api/internal/file/FileCollectionStructureVisitor;)V (11 bytes) @ 0x00000290263b482c [0x00000290263b47a0+0x000000000000008c]
J 24326 c2 org.gradle.api.internal.file.CompositeFileCollection$$Lambda$956+0x000002903a66dad0.accept(Ljava/lang/Object;)V (12 bytes) @ 0x00000290263b0a74 [0x00000290263b09a0+0x00000000000000d4]
J 22313 c2 org.gradle.api.internal.file.collections.UnpackingVisitor.add(Ljava/lang/Object;)V (367 bytes) @ 0x0000029025ca3520 [0x0000029025ca34a0+0x0000000000000080]
J 22313 c2 org.gradle.api.internal.file.collections.UnpackingVisitor.add(Ljava/lang/Object;)V (367 bytes) @ 0x0000029025ca3b40 [0x0000029025ca34a0+0x00000000000006a0]
J 10882 c1 org.gradle.api.internal.file.collections.DefaultConfigurableFileCollection$UnresolvedItemsCollector.visitContents(Ljava/util/function/Consumer;)V (58 bytes) @ 0x000002901e3cf79c [0x000002901e3cf500+0x000000000000029c]
J 10768 c1 org.gradle.api.internal.file.collections.DefaultConfigurableFileCollection.visitChildren(Ljava/util/function/Consumer;)V (34 bytes) @ 0x000002901de3f624 [0x000002901de3ea40+0x0000000000000be4]
J 24360 c2 org.gradle.api.internal.file.CompositeFileCollection.visitContents(Lorg/gradle/api/internal/file/FileCollectionStructureVisitor;)V (11 bytes) @ 0x00000290263b482c [0x00000290263b47a0+0x000000000000008c]
J 24662 c2 org.gradle.api.internal.file.AbstractFileCollection.getFiles()Ljava/util/Set; (23 bytes) @ 0x0000029026407398 [0x0000029026407220+0x0000000000000178]
j  org.gradle.api.internal.file.AbstractFileCollection$FileCollectionElementsFactory.create()Ljava/util/Set;+4
j  org.gradle.api.internal.file.AbstractFileCollection$FileCollectionElementsFactory.create()Ljava/lang/Object;+1
j  org.gradle.api.internal.provider.BuildableBackedProvider.calculateOwnValue(Lorg/gradle/api/internal/provider/ValueSupplier$ValueConsumer;)Lorg/gradle/api/internal/provider/ValueSupplier$Value;+4
J 14428 c2 org.gradle.api.internal.provider.AbstractMinimalProvider.calculateValue(Lorg/gradle/api/internal/provider/ValueSupplier$ValueConsumer;)Lorg/gradle/api/internal/provider/ValueSupplier$Value; (15 bytes) @ 0x00000290256ce784 [0x00000290256ce740+0x0000000000000044]
J 24659 c2 org.gradle.api.internal.provider.TransformBackedProvider.calculateOwnValue(Lorg/gradle/api/internal/provider/ValueSupplier$ValueConsumer;)Lorg/gradle/api/internal/provider/ValueSupplier$Value; (66 bytes) @ 0x0000029026405360 [0x0000029026405040+0x0000000000000320]
J 24307 c2 org.gradle.util.internal.DeferredUtil.unpack(Lorg/gradle/api/internal/provider/ProviderResolutionStrategy;Ljava/lang/Object;)Ljava/lang/Object; (46 bytes) @ 0x00000290263ace54 [0x00000290263acc00+0x0000000000000254]
J 14426 c1 org.gradle.api.internal.tasks.properties.InputParameterUtils.prepareInputParameterValue(Lorg/gradle/api/internal/tasks/properties/InputPropertySpec;Lorg/gradle/api/Task;)Ljava/lang/Object; (29 bytes) @ 0x000002901dac5c24 [0x000002901dac5a20+0x0000000000000204]
J 11307 c1 org.gradle.api.internal.tasks.execution.TaskExecution$$Lambda$1901+0x000002903ab61650.getValue()Ljava/lang/Object; (12 bytes) @ 0x000002901de42304 [0x000002901de42240+0x00000000000000c4]
J 24102 c2 org.gradle.internal.execution.impl.DefaultInputFingerprinter$InputCollectingVisitor.visitInputProperty(Ljava/lang/String;Lorg/gradle/internal/execution/UnitOfWork$ValueSupplier;)V (115 bytes) @ 0x00000290259faca4 [0x00000290259faba0+0x0000000000000104]
J 24224 c1 org.gradle.api.internal.tasks.execution.TaskExecution.visitRegularInputs(Lorg/gradle/internal/execution/UnitOfWork$InputVisitor;)V (190 bytes) @ 0x000002901fe25ffc [0x000002901fe25620+0x00000000000009dc]
J 24900 c1 org.gradle.internal.execution.steps.AbstractCaptureStateBeforeExecutionStep$$Lambda$1926+0x000002903ab69c28.accept(Ljava/lang/Object;)V (14 bytes) @ 0x000002901ff95bd4 [0x000002901ff959c0+0x0000000000000214]
J 8665 c1 org.gradle.internal.execution.impl.DefaultInputFingerprinter.fingerprintInputProperties(Lcom/google/common/collect/ImmutableSortedMap;Lcom/google/common/collect/ImmutableSortedMap;Lcom/google/common/collect/ImmutableSortedMap;Lcom/google/common/collect/ImmutableSortedMap;Ljava/util/function/Consumer;)Lorg/gradle/internal/execution/InputFingerprinter$Result; (41 bytes) @ 0x000002901e708724 [0x000002901e708560+0x00000000000001c4]
j  org.gradle.internal.execution.steps.AbstractCaptureStateBeforeExecutionStep.captureExecutionStateWithOutputs(Lorg/gradle/internal/execution/UnitOfWork;Lorg/gradle/internal/execution/steps/PreviousExecutionContext;Lcom/google/common/collect/ImmutableSortedMap;Lorg/gradle/internal/execution/history/OverlappingOutputs;)Lorg/gradle/internal/execution/history/BeforeExecutionState;+159
j  org.gradle.internal.execution.steps.AbstractCaptureStateBeforeExecutionStep.lambda$captureExecutionState$0(Lorg/gradle/internal/execution/UnitOfWork;Lorg/gradle/internal/execution/steps/PreviousExecutionContext;Lorg/gradle/internal/operations/BuildOperationContext;)Lorg/gradle/internal/execution/history/BeforeExecutionState;+25
j  org.gradle.internal.execution.steps.AbstractCaptureStateBeforeExecutionStep$$Lambda$1904+0x000002903ab62148.apply(Ljava/lang/Object;)Ljava/lang/Object;+16
J 19379 c2 org.gradle.internal.execution.steps.BuildOperationStep$1.call(Lorg/gradle/internal/operations/BuildOperationContext;)Ljava/lang/Object; (11 bytes) @ 0x000002902541d2e8 [0x000002902541d2a0+0x0000000000000048]
J 19376 c2 org.gradle.internal.operations.DefaultBuildOperationRunner$CallableBuildOperationWorker.execute(Lorg/gradle/internal/operations/BuildOperation;Lorg/gradle/internal/operations/BuildOperationContext;)V (10 bytes) @ 0x0000029025328290 [0x0000029025328220+0x0000000000000070]
J 14761 c2 org.gradle.internal.operations.DefaultBuildOperationRunner.execute(Lorg/gradle/internal/operations/BuildOperationDescriptor$Builder;Lorg/gradle/internal/operations/BuildOperationState;Lorg/gradle/internal/operations/DefaultBuildOperationRunner$BuildOperationExecution;)Ljava/lang/Object; (147 bytes) @ 0x00000290257d2098 [0x00000290257d0500+0x0000000000001b98]
J 19743 c2 org.gradle.internal.execution.steps.BuildOperationStep.operation(Ljava/util/function/Function;Lorg/gradle/internal/operations/BuildOperationDescriptor$Builder;)Ljava/lang/Object; (20 bytes) @ 0x0000029025b42b34 [0x0000029025b42960+0x00000000000001d4]
J 24893 c1 org.gradle.internal.execution.steps.AbstractCaptureStateBeforeExecutionStep.captureExecutionState(Lorg/gradle/internal/execution/UnitOfWork;Lorg/gradle/internal/execution/steps/PreviousExecutionContext;)Lorg/gradle/internal/execution/history/BeforeExecutionState; (49 bytes) @ 0x000002901ff90384 [0x000002901ff8f780+0x0000000000000c04]
J 24892 c1 org.gradle.internal.execution.steps.AbstractCaptureStateBeforeExecutionStep.execute(Lorg/gradle/internal/execution/UnitOfWork;Lorg/gradle/internal/execution/steps/PreviousExecutionContext;)Lorg/gradle/internal/execution/steps/CachingResult; (41 bytes) @ 0x000002901ff8e5d4 [0x000002901ff8e460+0x0000000000000174]
J 24891 c1 org.gradle.internal.execution.steps.AbstractCaptureStateBeforeExecutionStep.execute(Lorg/gradle/internal/execution/UnitOfWork;Lorg/gradle/internal/execution/steps/Context;)Lorg/gradle/internal/execution/steps/Result; (10 bytes) @ 0x000002901ff8e024 [0x000002901ff8de40+0x00000000000001e4]
j  org.gradle.internal.execution.steps.AbstractSkipEmptyWorkStep.executeWithNonEmptySources(Lorg/gradle/internal/execution/UnitOfWork;Lorg/gradle/internal/execution/steps/WorkspaceContext;)Lorg/gradle/internal/execution/steps/CachingResult;+12
j  org.gradle.internal.execution.steps.AbstractSkipEmptyWorkStep.execute(Lorg/gradle/internal/execution/UnitOfWork;Lorg/gradle/internal/execution/steps/WorkspaceContext;)Lorg/gradle/internal/execution/steps/CachingResult;+83
j  org.gradle.internal.execution.steps.AbstractSkipEmptyWorkStep.execute(Lorg/gradle/internal/execution/UnitOfWork;Lorg/gradle/internal/execution/steps/Context;)Lorg/gradle/internal/execution/steps/Result;+6
J 24842 c1 org.gradle.internal.execution.steps.legacy.MarkSnapshottingInputsStartedStep.execute(Lorg/gradle/internal/execution/UnitOfWork;Lorg/gradle/internal/execution/steps/Context;)Lorg/gradle/internal/execution/steps/Result; (37 bytes) @ 0x000002901ff70d3c [0x000002901ff70b60+0x00000000000001dc]
j  org.gradle.internal.execution.steps.LoadPreviousExecutionStateStep.execute(Lorg/gradle/internal/execution/UnitOfWork;Lorg/gradle/internal/execution/steps/WorkspaceContext;)Lorg/gradle/internal/execution/steps/AfterExecutionResult;+42
J 24853 c1 org.gradle.internal.execution.steps.LoadPreviousExecutionStateStep.execute(Lorg/gradle/internal/execution/UnitOfWork;Lorg/gradle/internal/execution/steps/Context;)Lorg/gradle/internal/execution/steps/Result; (10 bytes) @ 0x000002901ff79034 [0x000002901ff78ec0+0x0000000000000174]
j  org.gradle.internal.execution.steps.HandleStaleOutputsStep.execute(Lorg/gradle/internal/execution/UnitOfWork;Lorg/gradle/internal/execution/steps/WorkspaceContext;)Lorg/gradle/internal/execution/steps/AfterExecutionResult;+21
j  org.gradle.internal.execution.steps.HandleStaleOutputsStep.execute(Lorg/gradle/internal/execution/UnitOfWork;Lorg/gradle/internal/execution/steps/Context;)Lorg/gradle/internal/execution/steps/Result;+6
j  org.gradle.internal.execution.steps.AssignMutableWorkspaceStep.lambda$execute$0(Lorg/gradle/internal/execution/steps/IdentityContext;Lorg/gradle/internal/execution/UnitOfWork;Ljava/io/File;Lorg/gradle/internal/execution/history/ExecutionHistoryStore;)Lorg/gradle/internal/execution/steps/WorkspaceResult;+30
j  org.gradle.internal.execution.steps.AssignMutableWorkspaceStep$$Lambda$1871+0x000002903ab59930.executeInWorkspace(Ljava/io/File;Lorg/gradle/internal/execution/history/ExecutionHistoryStore;)Ljava/lang/Object;+14
j  org.gradle.api.internal.tasks.execution.TaskExecution$4.withWorkspace(Ljava/lang/String;Lorg/gradle/internal/execution/workspace/MutableWorkspaceProvider$WorkspaceAction;)Ljava/lang/Object;+33
j  org.gradle.internal.execution.steps.AssignMutableWorkspaceStep.execute(Lorg/gradle/internal/execution/UnitOfWork;Lorg/gradle/internal/execution/steps/IdentityContext;)Lorg/gradle/internal/execution/steps/WorkspaceResult;+26
j  org.gradle.internal.execution.steps.AssignMutableWorkspaceStep.execute(Lorg/gradle/internal/execution/UnitOfWork;Lorg/gradle/internal/execution/steps/Context;)Lorg/gradle/internal/execution/steps/Result;+6
J 11525 c1 org.gradle.internal.execution.steps.ChoosePipelineStep.execute(Lorg/gradle/internal/execution/UnitOfWork;Lorg/gradle/internal/execution/steps/IdentityContext;)Lorg/gradle/internal/execution/steps/Result; (71 bytes) @ 0x000002901e191b4c [0x000002901e191320+0x000000000000082c]
J 10974 c1 org.gradle.internal.execution.steps.ChoosePipelineStep.execute(Lorg/gradle/internal/execution/UnitOfWork;Lorg/gradle/internal/execution/steps/Context;)Lorg/gradle/internal/execution/steps/Result; (10 bytes) @ 0x000002901df34934 [0x000002901df347c0+0x0000000000000174]
j  org.gradle.internal.execution.steps.ExecuteWorkBuildOperationFiringStep.lambda$execute$2(Lorg/gradle/internal/execution/UnitOfWork;Lorg/gradle/internal/execution/steps/IdentityContext;)Lorg/gradle/internal/execution/steps/CachingResult;+6
j  org.gradle.internal.execution.steps.ExecuteWorkBuildOperationFiringStep$$Lambda$464+0x000002903a433d38.get()Ljava/lang/Object;+12
J 12231 c1 org.gradle.internal.execution.steps.ExecuteWorkBuildOperationFiringStep.execute(Lorg/gradle/internal/execution/UnitOfWork;Lorg/gradle/internal/execution/steps/Context;)Lorg/gradle/internal/execution/steps/Result; (10 bytes) @ 0x000002901ebde62c [0x000002901ebdd740+0x0000000000000eec]
J 10967 c1 org.gradle.internal.execution.steps.IdentityCacheStep.execute(Lorg/gradle/internal/execution/UnitOfWork;Lorg/gradle/internal/execution/steps/IdentityContext;)Lorg/gradle/internal/execution/steps/WorkspaceResult; (15 bytes) @ 0x000002901dafd2cc [0x000002901dafd1c0+0x000000000000010c]
j  org.gradle.internal.execution.steps.IdentityCacheStep.execute(Lorg/gradle/internal/execution/UnitOfWork;Lorg/gradle/internal/execution/steps/Context;)Lorg/gradle/internal/execution/steps/Result;+6
J 24590 c1 org.gradle.internal.execution.steps.IdentifyStep.execute(Lorg/gradle/internal/execution/UnitOfWork;Lorg/gradle/internal/execution/steps/ExecutionRequestContext;)Lorg/gradle/internal/execution/steps/Result; (17 bytes) @ 0x000002901fee178c [0x000002901fee1640+0x000000000000014c]
J 24589 c1 org.gradle.internal.execution.steps.IdentifyStep.execute(Lorg/gradle/internal/execution/UnitOfWork;Lorg/gradle/internal/execution/steps/Context;)Lorg/gradle/internal/execution/steps/Result; (10 bytes) @ 0x000002901fee12b4 [0x000002901fee1140+0x0000000000000174]
J 24588 c1 org.gradle.internal.execution.impl.DefaultExecutionEngine$1.execute()Lorg/gradle/internal/execution/ExecutionEngine$Result; (24 bytes) @ 0x000002901fedd7c4 [0x000002901fedd660+0x0000000000000164]
j  org.gradle.api.internal.tasks.execution.ExecuteActionsTaskExecuter.executeIfValid(Lorg/gradle/api/internal/TaskInternal;Lorg/gradle/api/internal/tasks/TaskStateInternal;Lorg/gradle/api/internal/tasks/TaskExecutionContext;Lorg/gradle/api/internal/tasks/execution/TaskExecution;)Lorg/gradle/api/internal/tasks/TaskExecuterResult;+54
j  org.gradle.api.internal.tasks.execution.ExecuteActionsTaskExecuter.execute(Lorg/gradle/api/internal/TaskInternal;Lorg/gradle/api/internal/tasks/TaskStateInternal;Lorg/gradle/api/internal/tasks/TaskExecutionContext;)Lorg/gradle/api/internal/tasks/TaskExecuterResult;+65
j  org.gradle.api.internal.tasks.execution.ProblemsTaskPathTrackingTaskExecuter.execute(Lorg/gradle/api/internal/TaskInternal;Lorg/gradle/api/internal/tasks/TaskStateInternal;Lorg/gradle/api/internal/tasks/TaskExecutionContext;)Lorg/gradle/api/internal/tasks/TaskExecuterResult;+35
J 24469 c1 org.gradle.api.internal.tasks.execution.FinalizePropertiesTaskExecuter.execute(Lorg/gradle/api/internal/TaskInternal;Lorg/gradle/api/internal/tasks/TaskStateInternal;Lorg/gradle/api/internal/tasks/TaskExecutionContext;)Lorg/gradle/api/internal/tasks/TaskExecuterResult; (168 bytes) @ 0x000002901fe9cb64 [0x000002901fe9c500+0x0000000000000664]
j  org.gradle.api.internal.tasks.execution.ResolveTaskExecutionModeExecuter.execute(Lorg/gradle/api/internal/TaskInternal;Lorg/gradle/api/internal/tasks/TaskStateInternal;Lorg/gradle/api/internal/tasks/TaskExecutionContext;)Lorg/gradle/api/internal/tasks/TaskExecuterResult;+56
j  org.gradle.api.internal.tasks.execution.SkipTaskWithNoActionsExecuter.execute(Lorg/gradle/api/internal/TaskInternal;Lorg/gradle/api/internal/tasks/TaskStateInternal;Lorg/gradle/api/internal/tasks/TaskExecutionContext;)Lorg/gradle/api/internal/tasks/TaskExecuterResult;+120
j  org.gradle.api.internal.tasks.execution.SkipOnlyIfTaskExecuter.execute(Lorg/gradle/api/internal/TaskInternal;Lorg/gradle/api/internal/tasks/TaskStateInternal;Lorg/gradle/api/internal/tasks/TaskExecutionContext;)Lorg/gradle/api/internal/tasks/TaskExecuterResult;+199
j  org.gradle.api.internal.tasks.execution.CatchExceptionTaskExecuter.execute(Lorg/gradle/api/internal/TaskInternal;Lorg/gradle/api/internal/tasks/TaskStateInternal;Lorg/gradle/api/internal/tasks/TaskExecutionContext;)Lorg/gradle/api/internal/tasks/TaskExecuterResult;+7
j  org.gradle.api.internal.tasks.execution.EventFiringTaskExecuter$1.executeTask(Lorg/gradle/internal/operations/BuildOperationContext;)Lorg/gradle/api/internal/tasks/TaskExecuterResult;+136
j  org.gradle.api.internal.tasks.execution.EventFiringTaskExecuter$1.call(Lorg/gradle/internal/operations/BuildOperationContext;)Lorg/gradle/api/internal/tasks/TaskExecuterResult;+2
j  org.gradle.api.internal.tasks.execution.EventFiringTaskExecuter$1.call(Lorg/gradle/internal/operations/BuildOperationContext;)Ljava/lang/Object;+2
J 19376 c2 org.gradle.internal.operations.DefaultBuildOperationRunner$CallableBuildOperationWorker.execute(Lorg/gradle/internal/operations/BuildOperation;Lorg/gradle/internal/operations/BuildOperationContext;)V (10 bytes) @ 0x0000029025328290 [0x0000029025328220+0x0000000000000070]
J 14761 c2 org.gradle.internal.operations.DefaultBuildOperationRunner.execute(Lorg/gradle/internal/operations/BuildOperationDescriptor$Builder;Lorg/gradle/internal/operations/BuildOperationState;Lorg/gradle/internal/operations/DefaultBuildOperationRunner$BuildOperationExecution;)Ljava/lang/Object; (147 bytes) @ 0x00000290257d2098 [0x00000290257d0500+0x0000000000001b98]
J 18317 c2 org.gradle.internal.operations.DefaultBuildOperationRunner.call(Lorg/gradle/internal/operations/CallableBuildOperation;)Ljava/lang/Object; (24 bytes) @ 0x0000029025e0fcac [0x0000029025e0fb40+0x000000000000016c]
j  org.gradle.api.internal.tasks.execution.EventFiringTaskExecuter.execute(Lorg/gradle/api/internal/TaskInternal;Lorg/gradle/api/internal/tasks/TaskStateInternal;Lorg/gradle/api/internal/tasks/TaskExecutionContext;)Lorg/gradle/api/internal/tasks/TaskExecuterResult;+15
j  org.gradle.execution.plan.LocalTaskNodeExecutor.execute(Lorg/gradle/execution/plan/Node;Lorg/gradle/api/internal/tasks/NodeExecutionContext;)Z+87
J 24719 c1 org.gradle.execution.taskgraph.DefaultTaskExecutionGraph$InvokeNodeExecutorsAction.execute(Lorg/gradle/execution/plan/Node;)V (85 bytes) @ 0x000002901ff2f89c [0x000002901ff2f140+0x000000000000075c]
J 24718 c1 org.gradle.execution.taskgraph.DefaultTaskExecutionGraph$InvokeNodeExecutorsAction.execute(Ljava/lang/Object;)V (9 bytes) @ 0x000002901ff31324 [0x000002901ff311c0+0x0000000000000164]
J 24716 c1 org.gradle.execution.taskgraph.DefaultTaskExecutionGraph$BuildOperationAwareExecutionAction$$Lambda$1767+0x000002903ab2f610.run()V (12 bytes) @ 0x000002901ff2eba4 [0x000002901ff2ea40+0x0000000000000164]
J 24140 c1 org.gradle.internal.operations.CurrentBuildOperationRef.with(Lorg/gradle/internal/operations/BuildOperationRef;Ljava/lang/Runnable;)V (35 bytes) @ 0x000002901fdfc39c [0x000002901fdfbe20+0x000000000000057c]
J 24612 c1 org.gradle.execution.taskgraph.DefaultTaskExecutionGraph$BuildOperationAwareExecutionAction.execute(Ljava/lang/Object;)V (9 bytes) @ 0x000002901feed214 [0x000002901feecc40+0x00000000000005d4]
J 24610 c1 org.gradle.execution.plan.DefaultPlanExecutor$ExecutorWorker.execute(Ljava/lang/Object;Lorg/gradle/execution/plan/WorkSource;Lorg/gradle/api/Action;)V (88 bytes) @ 0x000002901feebd54 [0x000002901feebbc0+0x0000000000000194]
j  org.gradle.execution.plan.DefaultPlanExecutor$ExecutorWorker.run()V+75
J 5374 c1 org.gradle.internal.concurrent.ExecutorPolicy$CatchAndRecordFailures.onExecute(Ljava/lang/Runnable;)V (29 bytes) @ 0x000002901d92a2dc [0x000002901d92a1c0+0x000000000000011c]
j  org.gradle.internal.concurrent.AbstractManagedExecutor$1.run()V+25
j  java.util.concurrent.ThreadPoolExecutor.runWorker(Ljava/util/concurrent/ThreadPoolExecutor$Worker;)V+92 java.base@17.0.20
j  java.util.concurrent.ThreadPoolExecutor$Worker.run()V+5 java.base@17.0.20
j  java.lang.Thread.run()V+11 java.base@17.0.20
v  ~StubRoutines::call_stub
--------------------------------------------------------------------------------
Decoding CodeBlob, name: _new_array_nozero_Java, at  [0x0000029024db7580, 0x0000029024db75f0]  112 bytes
[MachCode]
  0x0000029024db7580: 4881 ec28 | 0000 0048 | 896c 2420 | 4989 a798 | 0200 0048 | 8bca 418b | d04d 8bc7 | 0f1f 4000 
  0x0000029024db75a0: 49ba f00d | a8b3 fd7f | 0000 41ff | d24d 89a7 | 9802 0000 | 4d89 a7a0 | 0200 0049 | 8b87 f002 
  0x0000029024db75c0: 0000 4d89 | a7f0 0200 | 004d 3b67 | 0875 0648 | 83c4 205d | c333 db49 | ba00 0fd5 | 2490 0200 
  0x0000029024db75e0: 0048 83c4 | 205d 41ff | e2f4 f4f4 | f4f4 f4f4 
[/MachCode]
--------------------------------------------------------------------------------


Compiled method (c2) 467232 25126       4       kotlin.io.ByteStreamsKt::copyTo (60 bytes)
 total in heap  [0x000002902648bc10,0x000002902648e0e0] = 9424
 relocation     [0x000002902648bd70,0x000002902648be58] = 232
 main code      [0x000002902648be60,0x000002902648d220] = 5056
 stub code      [0x000002902648d220,0x000002902648d2b0] = 144
 oops           [0x000002902648d2b0,0x000002902648d2c8] = 24
 metadata       [0x000002902648d2c8,0x000002902648d380] = 184
 scopes data    [0x000002902648d380,0x000002902648dc00] = 2176
 scopes pcs     [0x000002902648dc00,0x000002902648df60] = 864
 dependencies   [0x000002902648df60,0x000002902648df80] = 32
 handler table  [0x000002902648df80,0x000002902648e0a0] = 288
 nul chk table  [0x000002902648e0a0,0x000002902648e0e0] = 64

[Constant Pool (empty)]

[MachCode]
[Verified Entry Point]
  # {method} {0x0000029009bf7590} 'copyTo' '(Ljava/io/InputStream;Ljava/io/OutputStream;I)J' in 'kotlin/io/ByteStreamsKt'
  # parm0:    rdx:rdx   = 'java/io/InputStream'
  # parm1:    r8:r8     = 'java/io/OutputStream'
  # parm2:    r9        = int
  #           [sp+0xc0]  (sp of caller)
  0x000002902648be60: 8984 2400 | 90ff ff55 | 4881 ecb0 | 0000 004c | 8bda 8b6a | 0841 8b50 | 080f 1f80 | 0000 0000 
  0x000002902648be80: 4181 f900 | 0010 000f | 87db 0e00 | 0049 63c9 | 4181 f900 | 0010 000f | 878a 0b00 | 0049 8bb7 
  0x000002902648bea0: 0801 0000 | 4883 c117 | 4c8b d149 | 83e2 f848 | 8bde 4903 | da66 6666 | 0f1f 8400 | 0000 0000 
  0x000002902648bec0: 493b 9f18 | 0100 000f | 835a 0b00 | 0049 899f | 0801 0000 | 488b fe48 | 83c7 1048 | c706 0100 
  0x000002902648bee0: 0000 0f0d | 8bc0 0000 

  0x000002902648bee8: ;   {metadata({type array byte})}
  0x000002902648bee8: 00c7 4608 | 2867 0000 | 4489 4e0c | 0f0d 8b00 | 0100 000f | 0d8b 4001 | 0000 0f0d | 8b80 0100 
  0x000002902648bf08: 0048 c1e9 | 0348 83c1 | fe48 33c0 | 4883 f908 | 7f10 48ff | c978 4f48 | 8904 cf48 | ffc9 7df7 
  0x000002902648bf28: eb44 c5fd | efc0 e90d | 0000 00c5 | fe7f 07c5 | fe7f 4720 | 4883 c740 | 4883 e908 | 7ded 4883 
  0x000002902648bf48: c104 7c0c | c5fe 7f07 | 4883 c720 | 4883 e904 | 4883 c104 | 7e10 48ff | c9c5 f9d6 | 0748 83c7 
  0x000002902648bf68: 0848 ffc9 

  0x000002902648bf6c: ;   {metadata('java/util/zip/ZipInputStream')}
  0x000002902648bf6c: 7df3 81fd | 88c6 2602 | 0f85 f60d | 0000 498b | db0f b66b | 1745 8bd9 | 85ed 0f85 | a90e 0000 
  0x000002902648bf8c: 4585 db0f | 84c3 0e00 | 0044 8b4b | 3845 85c9 | 0f1f 4000 | 0f84 0106 | 0000 478b | 54cc 0c4c 
  0x000002902648bfac: 8bce 4983 | c110 4963 | cb41 83fa | 080f 857d | 0800 0048 | 894c 2448 | 4c89 4c24 | 4044 895c 
  0x000002902648bfcc: 242c 4889 | 5c24 3848 | 8974 2430 | 8954 2428 | 4c89 4424 | 2048 8bd3 | 4c8b c645 | 33c9 418b 
  0x000002902648bfec: fb48 8bee 

  0x000002902648bff0: ;   {optimized virtual_call}
  0x000002902648bff0: c5f8 77e8 

  0x000002902648bff4: ; ImmutableOopMap {rbp=Oop [32]=Oop [48]=Oop [56]=Oop [64]=Derived_oop_rbp }
                      ;*invokespecial read {reexecute=0 rethrow=0 return_oop=0}
                      ; - java.util.zip.ZipInputStream::read@80 (line 196)
                      ; - java.io.FilterInputStream::read@5 (line 106)
                      ; - kotlin.io.ByteStreamsKt::copyTo@22 (line 106)
  0x000002902648bff4: e870 ffff | 8bd8 660f | 1f44 0000 | 83f8 ff0f | 8464 0500 | 004c 8b54 | 2438 418b | 7a3c 418b 
  0x000002902648c014: 4cfc 0c85 | c00f 8c94 | 0e00 008b | 6c24 2c2b | e885 ed0f | 8ca3 0e00 | 0085 c00f | 8eb7 0e00 
  0x000002902648c034: 0044 8b54 | 242c 660f | 1f44 0000 | 4585 d20f | 8ec3 0e00 | 008b e8ff | cd41 3bea | 0f83 da0e 
  0x000002902648c054: 0000 488b | 5424 4044 | 8bc0 6690 | c5f8 7749 | bac0 12d5 | 2490 0200 | 0041 ffd2 | 4189 44fc 
  0x000002902648c074: 0c89 5c24 | 7044 8b5c | 2428 6690 

  0x000002902648c080: ;   {metadata('java/io/ByteArrayOutputStream')}
  0x000002902648c080: 4181 fb78 | 0319 000f | 85ff 0c00 | 0044 8b5c | 242c 4585 | db0f 8e09 | 0d00 004c | 8b54 2420 
  0x000002902648c0a0: 4c89 5424 | 5033 f6eb | 470f 1f80 | 0000 0000 | 488b 5424 | 4044 8bc0 | 0f1f 8400 | 0000 0000 
  0x000002902648c0c0: c5f8 7749 | bac0 12d5 | 2490 0200 | 0041 ffd2 | 4189 44f4 | 0c48 8b74 | 2420 4d8b | 9750 0300 
  0x000002902648c0e0: ; ImmutableOopMap {[48]=Oop [56]=Oop [64]=Derived_oop_[48] [80]=Oop }
                      ;*goto {reexecute=1 rethrow=0 return_oop=0}
                      ; - (reexecute) kotlin.io.ByteStreamsKt::copyTo@55 (line 110)
                      ;   {poll}
  0x000002902648c0e0: 0041 8502 | 85db 0f8c | 6504 0000 | 895c 2470 | 488d 9c24 | a000 0000 | 4c8b 4424 | 5049 8b00 
  0x000002902648c100: 48f7 c002 | 0000 0075 | 2448 83c8 | 0148 8903 | f049 0fb1 | 180f 843e | 0000 0048 | 2bc4 4881 
  0x000002902648c120: e007 f0ff | ff48 8903 | e92c 0000 | 004c 8bd0 | 4833 c0f0 | 4d0f b17a | 3e48 c703 | 0300 0000 
  0x000002902648c140: 0f84 1300 | 0000 4c3b | f80f 850a | 0000 0049 | ff82 8600 | 0000 4833 | c00f 859d | 0900 008b 
  0x000002902648c160: 6c24 2c0b | 6c24 7085 | ed0f 8c46 | 0a00 008b | 5c24 703b | 5c24 2c0f | 8f57 0a00 | 004c 8b54 
  0x000002902648c180: 2450 458b | 5210 478b | 44d4 0c4c | 8b5c 2450 | 458b 5b0c | 8b6c 2470 | 4103 eb41 | 2be8 6690 
  0x000002902648c1a0: 85ed 0f8f | f001 0000 | 4585 db0f | 8cb4 0900 | 0044 8b44 | 242c 443b | c30f 82a6 | 0900 0047 
  0x000002902648c1c0: 8b44 d40c | 8bcb 4103 | cb44 3bc1 | 0f82 9309 | 0000 85db | 0f8c 8b09 | 0000 4863 | fb66 6690 
  0x000002902648c1e0: 85db 742c | 488b 4c24 | 3048 83c1 | 1049 c1e2 | 034b 8d54 | 1a10 4c8b | c70f 1f80 | 0000 0000 
  0x000002902648c200: c5f8 7749 | bac0 73d8 | 2490 0200 | 0041 ffd2 | 4c8b 5424 | 5041 015a | 0c48 8d84 | 24a0 0000 
  0x000002902648c220: 004c 8b5c | 2450 4881 | 3800 0000 | 000f 8483 | 0000 004d | 8b13 49f7 | c202 0000 | 0074 6f49 
  0x000002902648c240: 81ba 8600 | 0000 0000 | 0000 7409 | 49ff 8a86 | 0000 00eb | 5149 8b82 | 9600 0000 | 490b 828e 
  0x000002902648c260: 0000 0075 | 0a49 c742 | 3e00 0000 | 00eb 4749 | 81ba 9e00 | 0000 0000 | 0000 7425 | 4833 c049 
  0x000002902648c280: c742 3e00 | 0000 00f0 | 8304 2400 | 4981 ba9e | 0000 0000 | 0000 0075 | 0df0 4d0f | b17a 3e75 
  0x000002902648c2a0: 0583 c801 | eb10 f7c0 | 0000 0000 | eb08 4c8b | 10f0 4d0f | b113 0f85 | d408 0000 | 4c8b 5424 
  0x000002902648c2c0: 3845 0fb6 | 5217 4803 | f745 85d2 | 0f85 1a09 | 0000 4c8b | 5424 3845 | 8b52 380f | 1f44 0000 
  0x000002902648c2e0: 4585 d20f | 845e 0200 | 0047 8b54 | d40c 4183 | fa08 0f85 | b302 0000 | 4889 7424 | 2048 8b54 
  0x000002902648c300: 2438 4c8b | 4424 3045 | 33c9 8b7c | 242c 6690 

  0x000002902648c310: ;   {optimized virtual_call}
  0x000002902648c310: c5f8 77e8 

  0x000002902648c314: ; ImmutableOopMap {[48]=Oop [56]=Oop [64]=Derived_oop_[48] [80]=Oop }
                      ;*invokespecial read {reexecute=0 rethrow=0 return_oop=0}
                      ; - java.util.zip.ZipInputStream::read@80 (line 196)
                      ; - java.io.FilterInputStream::read@5 (line 106)
                      ; - kotlin.io.ByteStreamsKt::copyTo@50 (line 110)
  0x000002902648c314: c86d ffff | 8bd8 660f | 1f44 0000 | 83f8 ff0f | 84dc 0100 | 004c 8b54 | 2438 418b | 723c 418b 
  0x000002902648c334: 4cf4 0c85 | c00f 8c14 | 0900 008b | 6c24 2c2b | e885 ed0f | 8c27 0900 | 0085 c00f | 8e4b 0900 
  0x000002902648c354: 008b e8ff | cd0f 1f80 | 0000 0000 | 3b6c 242c | 0f82 46fd | ffff ba3d | ffff ff48 | ff74 2438 
  0x000002902648c374: 488f 4424 | 284c 8b54 | 2450 4c89 | 5424 3889 | 7424 4489 | 4c24 4889 | 4424 4c90 

  0x000002902648c390: ;   {runtime_call UncommonTrapBlob}
  0x000002902648c390: c5f8 77e8 

  0x000002902648c394: ; ImmutableOopMap {[40]=Oop [48]=Oop [56]=Oop [68]=NarrowOop }
                      ;*iflt {reexecute=1 rethrow=0 return_oop=0}
                      ; - (reexecute) java.util.zip.CRC32::updateBytesCheck@36 (line 157)
                      ; - java.util.zip.CRC32::updateBytes@3 (line 138)
                      ; - java.util.zip.CRC32::update@44 (line 79)
                      ; - java.util.zip.ZipInputStream::read@117 (line 202)
                      ; - java.io.FilterInputStream::read@5 (line 106)
                      ; - kotlin.io.ByteStreamsKt::copyTo@50 (line 110)
  0x000002902648c394: 68a5 91fe | 413b e88b | d541 0f4c | d044 8bda | 4503 d841 | 8bcb ffc9 | 81f9 f7ff | ff7f 0f83 
  0x000002902648c3b4: 1d0a 0000 | 0f1f 8400 | 0000 0000 | 4181 fb00 | 0010 000f | 87ff 0800 | 0049 63c8 | 4c63 ca4c 
  0x000002902648c3d4: 03c9 453b | c341 8beb | 410f 4ce8 | 443b c50f | 825c 0900 | 0044 3bdd | 0f82 5309 | 0000 4983 
  0x000002902648c3f4: c117 4d8b | c149 83e0 | f866 6690 | 4181 fb00 | 0010 000f | 876b 0500 | 004d 8baf | 0801 0000 
  0x000002902648c414: 498b cd49 | 03c8 660f | 1f44 0000 | 493b 8f18 | 0100 000f | 834b 0500 | 0049 898f | 0801 0000 
  0x000002902648c434: 0f0d 89c0 | 0000 0049 | c745 0001 | 0000 000f | 0d89 0001 

  0x000002902648c448: ;   {metadata({type array byte})}
  0x000002902648c448: 0000 41c7 | 4508 2867 | 0000 4589 | 5d0c 0f0d | 8940 0100 | 000f 0d89 | 8001 0000 | 498b d548 
  0x000002902648c468: 83c2 1049 | c1e9 034d | 8bf5 49c1 | ee03 85ed | 0f84 5608 | 0000 4b8d | 0cd4 4f8d | 54d4 1041 
  0x000002902648c488: 3beb 0f8c | 3502 0000 | 4983 c0f0 | 49c1 e803 | 498b ca0f | 1f44 0000 | c5f8 7749 | bae0 79d8 
  0x000002902648c4a8: 2490 0200 | 0041 ffd2 | 4180 7f38 | 000f 85a0 | 0200 004c | 8b54 2450 | 4589 7210 | 458b 5a0c 
  0x000002902648c4c8: 4d8b d54c | 8b44 2450 | 4d33 d049 | c1ea 154d | 85d2 741a | 49c1 e809 | 48b9 0000 | e429 9002 
  0x000002902648c4e8: 0000 4903 | c880 3904 | 0f85 a602 | 0000 4d8b | d549 c1ea | 0366 6690 | e9a3 fcff | ff4c 8b54 
  0x000002902648c508: 2438 458b | 5a38 4d8b | c349 c1e0 | 0348 8b54 | 2438 6690 

  0x000002902648c51c: ;   {optimized virtual_call}
  0x000002902648c51c: c5f8 77e8 

  0x000002902648c520: ; ImmutableOopMap {[48]=Oop [56]=Oop [64]=Derived_oop_[48] [80]=Oop }
                      ;*invokevirtual readEnd {reexecute=0 rethrow=0 return_oop=0}
                      ; - java.util.zip.ZipInputStream::read@94 (line 198)
                      ; - java.io.FilterInputStream::read@5 (line 106)
                      ; - kotlin.io.ByteStreamsKt::copyTo@50 (line 110)
  0x000002902648c520: bc4b b6f9 | 4180 7f38 | 000f 85cc | 0200 004c | 8b54 2438 | 41c6 4234 | 0145 8962 | 38bb ffff 
  0x000002902648c540: ffff e98e | fbff ffbb | ffff ffff | e989 fbff | ff48 8bc6 | c5f8 7748 | 81c4 b000 

  0x000002902648c55c: ;   {poll_return}
  0x000002902648c55c: 0000 5d49 | 3ba7 4803 | 0000 0f87 | 940c 0000 | c348 8b6c | 2438 448b | 5d38 4d8b | c349 c1e0 
  0x000002902648c57c: 0348 8bd5 | 4c8b 5424 | 304c 8954 | 2428 6690 

  0x000002902648c58c: ;   {optimized virtual_call}
  0x000002902648c58c: c5f8 77e8 

  0x000002902648c590: ; ImmutableOopMap {rbp=Oop [32]=Oop [40]=Oop }
                      ;*invokevirtual readEnd {reexecute=0 rethrow=0 return_oop=0}
                      ; - java.util.zip.ZipInputStream::read@94 (line 198)
                      ; - java.io.FilterInputStream::read@5 (line 106)
                      ; - kotlin.io.ByteStreamsKt::copyTo@22 (line 106)
  0x000002902648c590: 4c4b b6f9 | 4180 7f38 | 000f 85cc | 0400 00c6 | 4534 0144 | 8965 3833 | c0eb a945 | 85d2 0f85 
  0x000002902648c5b0: c109 0000 | 4c8b 5424 | 384d 8b5a | 2866 6690 | 4d85 db7f | 2341 807f | 3800 0f85 | 4806 0000 
  0x000002902648c5d0: 4c8b 5424 | 3841 c642 | 3401 4589 | 6238 bbff | ffff ffe9 | f2fa ffff | 48ff 7424 | 5048 8f44 
  0x000002902648c5f0: 2458 4889 | 7424 5045 | 8b52 0c48 | 8b6c 2438 | 418b fb4c | 8b44 2448 | 4d3b c348 | 8944 24f8 
  0x000002902648c610: 8b44 242c | 8944 2420 | 488b 4424 | f80f 4e7c | 242c 498b | d248 c1e2 | 034c 8b44 | 2430 4533 
  0x000002902648c630: c990 c5f8 | 7748 b8ff | ffff ffff 

  0x000002902648c63c: ;   {virtual_call}
  0x000002902648c63c: ffff ffe8 

  0x000002902648c640: ; ImmutableOopMap {rbp=Oop [48]=Oop [64]=Derived_oop_[48] [88]=Oop }
                      ;*invokevirtual read {reexecute=0 rethrow=0 return_oop=0}
                      ; - java.util.zip.ZipInputStream::read@166 (line 214)
                      ; - java.io.FilterInputStream::read@5 (line 106)
                      ; - kotlin.io.ByteStreamsKt::copyTo@50 (line 110)
  0x000002902648c640: 3c50 91fe | 83f8 ff0f | 843b 0900 | 004c 8bdd | 458b 433c | 4585 c00f | 843b 0900 | 0089 4424 
  0x000002902648c660: 244b 8d14 | c44c 8b44 | 2430 4533 | c98b f890 

  0x000002902648c670: ;   {optimized virtual_call}
  0x000002902648c670: c5f8 77e8 

  0x000002902648c674: ; ImmutableOopMap {rbp=Oop [48]=Oop [64]=Derived_oop_[48] [88]=Oop }
                      ;*invokevirtual update {reexecute=0 rethrow=0 return_oop=0}
                      ; - java.util.zip.ZipInputStream::read@192 (line 218)
                      ; - java.io.FilterInputStream::read@5 (line 106)
                      ; - kotlin.io.ByteStreamsKt::copyTo@50 (line 110)
  0x000002902648c674: 084d 91fe | 4889 6c24 | 384c 8b55 | 284c 635c | 2424 4d2b | d34c 8955 | 284d 85d2 | 0f84 9502 
  0x000002902648c694: 0000 448b | 5424 2448 | 8944 24f8 | 8b44 2420 | 8944 242c | 488b 4424 | f848 8b74 | 2450 418b 
  0x000002902648c6b4: da48 ff74 | 2458 488f | 4424 5090 | e915 faff | ff4c 63c5 | 4d8b d849 | 83c3 1049 | 8bcb 4883 
  0x000002902648c6d4: e1f8 498b | fd48 03f9 | 49c1 eb03 | 4d2b cb49 | 8bc9 4833 | c048 83f9 | 087f 1048 | ffc9 784f 
  0x000002902648c6f4: 4889 04cf | 48ff c97d | f7eb 44c5 | fdef c0e9 | 0d00 0000 | c5fe 7f07 | c5fe 7f47 | 2048 83c7 
  0x000002902648c714: 4048 83e9 | 087d ed48 | 83c1 047c | 0cc5 fe7f | 0748 83c7 | 2048 83e9 | 0448 83c1 | 047e 1048 
  0x000002902648c734: ffc9 c5f9 | d607 4883 | c708 48ff | c97d f349 | 8bca c5f8 | 7749 bae0 | 72d8 2490 | 0200 0041 
  0x000002902648c754: ffd2 e955 | fdff ff4c | 8b54 2450 | 458b 5a10 | 4585 db0f | 844e fdff | ff4d 8b57 | 2049 8bcb 
  0x000002902648c774: 48c1 e103 | 4d85 d20f | 1f44 0000 | 0f84 3606 | 0000 4d8b | 5f30 4b89 | 4c13 f849 | 83c2 f84d 
  0x000002902648c794: 8957 20e9 | 1ffd ffff | 4d8b 5740 | 4d8b 5f50 | f083 4424 | c000 8039 | 0074 2a44 | 8821 4d85 
  0x000002902648c7b4: d274 0f4b | 894c 13f8 | 4983 c2f8 | 4d89 5740 | eb13 498b | d7c5 f877 | 49ba 406c | 67b3 fd7f 
  0x000002902648c7d4: 0000 41ff | d24c 8b54 | 2450 458b | 5a0c 458b | 5210 4585 | d20f 84d6 | 0700 0049 | c1e2 034d 
  0x000002902648c7f4: 8bea e9fb | fcff ff4c | 8b54 2438 | 458b 5238 | 4585 d20f | 8422 fdff | ff4d 8b5f | 2049 8bca 
  0x000002902648c814: 48c1 e103 | 4d85 db0f | 1f44 0000 | 0f84 ee05 | 0000 4d8b | 5730 4b89 | 4c1a f849 | 83c3 f84d 
  0x000002902648c834: 895f 20e9 | f3fc ffff | 0f1f 4000 | 4585 d20f | 8593 0700 | 004c 8b53 | 284d 85d2 | 0f8e bd00 
  0x000002902648c854: 0000 4c89 | 4c24 4048 | 8974 2430 | 8954 2428 | 4c89 4424 | 2044 8b4b | 0c48 8beb | 418b fa49 
  0x000002902648c874: 3bca 4889 | 4c24 4844 | 895c 242c | 410f 4efb | 498b d148 | c1e2 034c | 8bc6 4533 | c990 c5f8 
  0x000002902648c894: 7748 b8ff | ffff ffff 

  0x000002902648c89c: ;   {virtual_call}
  0x000002902648c89c: ffff ffe8 

  0x000002902648c8a0: ; ImmutableOopMap {rbp=Oop [32]=Oop [48]=Oop [64]=Derived_oop_[48] }
                      ;*invokevirtual read {reexecute=0 rethrow=0 return_oop=0}
                      ; - java.util.zip.ZipInputStream::read@166 (line 214)
                      ; - java.io.FilterInputStream::read@5 (line 106)
                      ; - kotlin.io.ByteStreamsKt::copyTo@22 (line 106)
  0x000002902648c8a0: dc4d 91fe | 83f8 ff0f | 846f 0700 | 004c 8bc5 | 458b 583c | 4585 db0f | 846f 0700 | 0089 4424 
  0x000002902648c8c0: 504b 8d14 | dc4c 8b44 | 2430 4533 | c98b f890 

  0x000002902648c8d0: ;   {optimized virtual_call}
  0x000002902648c8d0: c5f8 77e8 

  0x000002902648c8d4: ; ImmutableOopMap {rbp=Oop [32]=Oop [48]=Oop [64]=Derived_oop_[48] }
                      ;*invokevirtual update {reexecute=0 rethrow=0 return_oop=0}
                      ; - java.util.zip.ZipInputStream::read@192 (line 218)
                      ; - java.io.FilterInputStream::read@5 (line 106)
                      ; - kotlin.io.ByteStreamsKt::copyTo@22 (line 106)
  0x000002902648c8d4: a84a 91fe | 4889 6c24 | 384c 8b55 | 284c 635c | 2450 4d2b | d34c 8955 | 284d 85d2 | 0f84 af01 
  0x000002902648c8f4: 0000 448b | 5424 500f | 1f44 0000 | 4585 d20f | 8c9e fcff | ff44 8954 | 2470 e966 | f7ff ff41 
  0x000002902648c914: 807f 3800 | 0f85 5e05 | 0000 4489 | 6338 c643 | 3401 e97c | fcff ff44 | 8b55 384b | 8b6c d418 
  0x000002902648c934: 4c8b 5424 | 3845 8b5a | 3c66 6690 | 4585 db0f | 84af 0600 | 0048 ff74 | 2438 488f | 4424 284b 
  0x000002902648c954: 8d14 dc90 

  0x000002902648c958: ;   {optimized virtual_call}
  0x000002902648c958: c5f8 77e8 

  0x000002902648c95c: ; ImmutableOopMap {[40]=Oop [48]=Oop [64]=Derived_oop_[48] [88]=Oop }
                      ;*invokevirtual getValue {reexecute=0 rethrow=0 return_oop=0}
                      ; - java.util.zip.ZipInputStream::read@226 (line 220)
                      ; - java.io.FilterInputStream::read@5 (line 106)
                      ; - kotlin.io.ByteStreamsKt::copyTo@50 (line 110)
  0x000002902648c95c: 204a 91fe | 483b e80f | 859f 0600 | 0048 ff74 | 2428 488f | 4424 38e9 | 1efd ffff | 4c89 4424 
  0x000002902648c97c: 784c 894c | 2470 4489 | 5c24 6844 | 8954 245c | 48ff 7424 | 5048 8f44 | 2460 895c | 2458 4889 
  0x000002902648c99c: 7424 5048 | 8944 24f8 | 8b44 242c | 8944 2428 | 488b 4424 | f848 ff74 | 2438 488f 

  0x000002902648c9b8: ;   {metadata({type array byte})}
  0x000002902648c9b8: 4424 2048 | ba28 6700 | 3990 0200 | 0045 8bc3 | 48ff 7424 | 6048 8f44 | 2438 6690 

  0x000002902648c9d4: ;   {runtime_call _new_array_nozero_Java}
  0x000002902648c9d4: c5f8 77e8 

  0x000002902648c9d8: ; ImmutableOopMap {[32]=Oop [48]=Oop [56]=Oop [64]=Derived_oop_[48] [92]=NarrowOop [96]=Oop }
                      ;*newarray {reexecute=0 rethrow=0 return_oop=1}
                      ; - java.util.Arrays::copyOf@1 (line 3537)
                      ; - java.io.ByteArrayOutputStream::ensureCapacity@25 (line 100)
                      ; - java.io.ByteArrayOutputStream::write@15 (line 130)
                      ; - kotlin.io.ByteStreamsKt::copyTo@38 (line 108)
  0x000002902648c9d8: a4ab 92fe | 48ff 7424 | 2048 8f44 | 2438 4889 | 4424 f88b | 4424 2889 | 4424 2c48 | 8b44 24f8 
  0x000002902648c9f8: 488b 7424 | 508b 5c24 | 5848 ff74 | 2460 488f | 4424 5044 | 8b54 245c | 448b 5c24 | 684c 8b4c 
  0x000002902648ca18: 2470 4c8b | 4424 784c | 8be8 e93d | faff ff89 | 5424 3444 | 894c 2430 | 4c89 4424 | 284c 895c 
  0x000002902648ca38: ;   {metadata({type array byte})}
  0x000002902648ca38: 2420 48ba | 2867 0039 | 9002 0000 | 458b c190 

  0x000002902648ca48: ;   {runtime_call _new_array_Java}
  0x000002902648ca48: c5f8 77e8 

  0x000002902648ca4c: ; ImmutableOopMap {[32]=Oop [40]=Oop }
                      ;*newarray {reexecute=0 rethrow=0 return_oop=1}
                      ; - kotlin.io.ByteStreamsKt::copyTo@15 (line 105)
  0x000002902648ca4c: b0ae 92fe | 4c8b 5c24 | 204c 8b44 | 2428 448b | 4c24 308b | 5424 3448 | 8bf0 e903 | f5ff ff44 
  0x000002902648ca6c: 8b55 3845 | 85d2 0f84 | 27fb ffff | 4d8b 5f20 | 498b ca48 | c1e1 034d | 85db 0f84 | c804 0000 
  0x000002902648ca8c: 4d8b 5730 | 4b89 4c1a | f849 83c3 | f84d 895f | 2066 6690 | e9fa faff | ff44 8b55 | 384b 8b6c 
  0x000002902648caac: d418 4c8b | 5424 3845 | 8b5a 3c45 | 85db 660f | 1f44 0000 | 0f84 9605 | 0000 4b8d | 14dc 6690 
  0x000002902648cacc: ;   {optimized virtual_call}
  0x000002902648cacc: c5f8 77e8 

  0x000002902648cad0: ; ImmutableOopMap {[32]=Oop [48]=Oop [56]=Oop [64]=Derived_oop_[48] }
                      ;*invokevirtual getValue {reexecute=0 rethrow=0 return_oop=0}
                      ; - java.util.zip.ZipInputStream::read@226 (line 220)
                      ; - java.io.FilterInputStream::read@5 (line 106)
                      ; - kotlin.io.ByteStreamsKt::copyTo@22 (line 106)
  0x000002902648cad0: ac48 91fe | 483b e80f | 8419 feff | ffba 8a00 | 0000 488b | 6c24 384c | 8b54 2430 | 4c89 5424 
  0x000002902648caf0: 2866 6690 

  0x000002902648caf4: ;   {runtime_call UncommonTrapBlob}
  0x000002902648caf4: c5f8 77e8 

  0x000002902648caf8: ; ImmutableOopMap {rbp=Oop [32]=Oop [40]=Oop }
                      ;*new {reexecute=0 rethrow=0 return_oop=0}
                      ; - java.util.zip.ZipInputStream::read@233 (line 221)
                      ; - java.io.FilterInputStream::read@5 (line 106)
                      ; - kotlin.io.ByteStreamsKt::copyTo@22 (line 106)
  0x000002902648caf8: 049e 91fe | 48ff 7424 | 5048 8f44 | 2458 4889 | 7424 5048 | 8944 24f8 | 8b44 242c | 8944 2420 
  0x000002902648cb18: 488b 4424 | f848 8b6c | 2438 498b | d04c 8d84 | 24a0 0000 | 0066 6690 

  0x000002902648cb30: ;   {runtime_call _complete_monitor_locking_Java}
  0x000002902648cb30: c5f8 77e8 

  0x000002902648cb34: ; ImmutableOopMap {rbp=Oop [48]=Oop [64]=Derived_oop_[48] [88]=Oop }
                      ;*synchronization entry
                      ; - java.io.ByteArrayOutputStream::write@-1 (line 129)
                      ; - kotlin.io.ByteStreamsKt::copyTo@38 (line 108)
  0x000002902648cb34: 48fc 92fe | 4889 6c24 | 3848 8944 | 24f8 8b44 | 2420 8944 | 242c 488b | 4424 f848 | 8b74 2450 
  0x000002902648cb54: 48ff 7424 | 5848 8f44 | 2450 6690 | e9fa f5ff | ffba ccff | ffff 488b | 6c24 3848 | 8974 2428 
  0x000002902648cb74: 895c 243c | 4489 5424 | 5844 895c | 245c 895c | 2460 6690 

  0x000002902648cb88: ;   {runtime_call UncommonTrapBlob}
  0x000002902648cb88: c5f8 77e8 

  0x000002902648cb8c: ; ImmutableOopMap {rbp=Oop [48]=Oop [80]=Oop [88]=NarrowOop }
                      ;*invokestatic arraycopy {reexecute=0 rethrow=0 return_oop=0}
                      ; - java.io.ByteArrayOutputStream::write@29 (line 131)
                      ; - kotlin.io.ByteStreamsKt::copyTo@38 (line 108)
  0x000002902648cb8c: 709d 91fe | 488b 4c24 | 5048 8d94 | 24a0 0000 | 004d 8bc7 | c5f8 7749 | bad0 95a8 | b3fd 7f00 
  0x000002902648cbac: 0041 ffd2 | e907 f7ff | ffba 45ff | ffff 48ff | 7424 3848 | 8f44 2420 | 4889 7424 | 4066 6690 
  0x000002902648cbcc: ;   {runtime_call UncommonTrapBlob}
  0x000002902648cbcc: c5f8 77e8 

  0x000002902648cbd0: ; ImmutableOopMap {[32]=Oop [48]=Oop [80]=Oop }
                      ;*iflt {reexecute=1 rethrow=0 return_oop=0}
                      ; - (reexecute) jdk.internal.util.Preconditions::checkFromIndexSize@5 (line 360)
                      ; - java.util.Objects::checkFromIndexSize@4 (line 413)
                      ; - java.io.ByteArrayOutputStream::write@4 (line 129)
                      ; - kotlin.io.ByteStreamsKt::copyTo@38 (line 108)
  0x000002902648cbd0: 2c9d 91fe | ba45 ffff | ff48 8b6c | 2438 4889 | 7424 3890 

  0x000002902648cbe4: ;   {runtime_call UncommonTrapBlob}
  0x000002902648cbe4: c5f8 77e8 

  0x000002902648cbe8: ; ImmutableOopMap {rbp=Oop [48]=Oop [80]=Oop }
                      ;*if_icmple {reexecute=1 rethrow=0 return_oop=0}
                      ; - (reexecute) jdk.internal.util.Preconditions::checkFromIndexSize@12 (line 360)
                      ; - java.util.Objects::checkFromIndexSize@4 (line 413)
                      ; - java.io.ByteArrayOutputStream::write@4 (line 129)
                      ; - kotlin.io.ByteStreamsKt::copyTo@38 (line 108)
  0x000002902648cbe8: 149d 91fe | ba45 ffff | ff48 8974 | 2440 4889 | 4424 f88b | 4424 2c89 | 4424 2848 | 8b44 24f8 
  0x000002902648cc08: 4489 5424 | 2c66 6690 

  0x000002902648cc10: ;   {runtime_call UncommonTrapBlob}
  0x000002902648cc10: c5f8 77e8 

  0x000002902648cc14: ; ImmutableOopMap {[48]=Oop [56]=Oop [80]=Oop }
                      ;*ifeq {reexecute=1 rethrow=0 return_oop=0}
                      ; - (reexecute) java.util.zip.ZipInputStream::ensureOpen@4 (line 68)
                      ; - java.util.zip.ZipInputStream::read@1 (line 184)
                      ; - java.io.FilterInputStream::read@5 (line 106)
                      ; - kotlin.io.ByteStreamsKt::copyTo@50 (line 110)
  0x000002902648cc14: e89c 91fe | 458b 5a38 | 0f1f 4000 | 4585 db0f | 84a7 f9ff | ff4d 8b57 | 2049 8bcb | 48c1 e103 
  0x000002902648cc34: 4d85 d20f | 846f 0300 | 004d 8b5f | 304b 894c | 13f8 4983 | c2f8 4d89 | 5720 e97d | f9ff ffba 
  0x000002902648cc54: 45ff ffff | 488b 6c24 | 3889 7424 | 3c89 4424 | 4889 4424 | 4c66 6690 

  0x000002902648cc6c: ;   {runtime_call UncommonTrapBlob}
  0x000002902648cc6c: c5f8 77e8 

  0x000002902648cc70: ; ImmutableOopMap {rbp=Oop [48]=Oop [60]=NarrowOop [80]=Oop }
                      ;*iflt {reexecute=1 rethrow=0 return_oop=0}
                      ; - (reexecute) java.util.zip.CRC32::update@17 (line 76)
                      ; - java.util.zip.ZipInputStream::read@117 (line 202)
                      ; - java.io.FilterInputStream::read@5 (line 106)
                      ; - kotlin.io.ByteStreamsKt::copyTo@50 (line 110)
  0x000002902648cc70: 8c9c 91fe | ba45 ffff | ff48 ff74 | 2438 488f | 4424 284c | 8b54 2450 | 4c89 5424 | 3889 7424 
  0x000002902648cc90: 4489 4424 | 5066 6690 

  0x000002902648cc98: ;   {runtime_call UncommonTrapBlob}
  0x000002902648cc98: c5f8 77e8 

  0x000002902648cc9c: ; ImmutableOopMap {[40]=Oop [48]=Oop [56]=Oop [68]=NarrowOop }
                      ;*if_icmple {reexecute=1 rethrow=0 return_oop=0}
                      ; - (reexecute) java.util.zip.CRC32::update@25 (line 76)
                      ; - java.util.zip.ZipInputStream::read@117 (line 202)
                      ; - java.io.FilterInputStream::read@5 (line 106)
                      ; - kotlin.io.ByteStreamsKt::copyTo@50 (line 110)
  0x000002902648cc9c: 609c 91fe | ba45 ffff | ff48 8b6c | 2438 4c8b | 5424 504c | 8954 2428 | 8974 243c | 894c 2440 
  0x000002902648ccbc: 8944 2444 | 8944 2458 

  0x000002902648ccc4: ;   {runtime_call UncommonTrapBlob}
  0x000002902648ccc4: c5f8 77e8 

  0x000002902648ccc8: ; ImmutableOopMap {rbp=Oop [40]=Oop [48]=Oop [60]=NarrowOop }
                      ;*ifgt {reexecute=1 rethrow=0 return_oop=0}
                      ; - (reexecute) java.util.zip.CRC32::updateBytesCheck@1 (line 146)
                      ; - java.util.zip.CRC32::updateBytes@3 (line 138)
                      ; - java.util.zip.CRC32::update@44 (line 79)
                      ; - java.util.zip.ZipInputStream::read@117 (line 202)
                      ; - java.io.FilterInputStream::read@5 (line 106)
                      ; - kotlin.io.ByteStreamsKt::copyTo@50 (line 110)
  0x000002902648ccc8: 349c 91fe | 4d63 cbe9 | 02f7 ffff | 4983 c1fe | 498b c948 | 8bfa 4833 | c048 83f9 | 087f 1048 
  0x000002902648cce8: ffc9 784f | 4889 04cf | 48ff c97d | f7eb 44c5 | fdef c0e9 | 0d00 0000 | c5fe 7f07 | c5fe 7f47 
  0x000002902648cd08: 2048 83c7 | 4048 83e9 | 087d ed48 | 83c1 047c | 0cc5 fe7f | 0748 83c7 | 2048 83e9 | 0448 83c1 
  0x000002902648cd28: 047e 1048 | ffc9 c5f9 | d607 4883 | c708 48ff | c97d f30f | 1f44 0000 | e96b f7ff | ffba ccff 
  0x000002902648cd48: ffff 488b | 6c24 3848 | 8974 2428 | 4489 5424 | 6044 895c | 2468 6690 

  0x000002902648cd60: ;   {runtime_call UncommonTrapBlob}
  0x000002902648cd60: c5f8 77e8 

  0x000002902648cd64: ; ImmutableOopMap {rbp=Oop [48]=Oop [80]=Oop [96]=NarrowOop }
                      ;*newarray {reexecute=1 rethrow=0 return_oop=0}
                      ; - (reexecute) java.util.Arrays::copyOf@1 (line 3537)
                      ; - java.io.ByteArrayOutputStream::ensureCapacity@25 (line 100)
                      ; - java.io.ByteArrayOutputStream::write@15 (line 130)
                      ; - kotlin.io.ByteStreamsKt::copyTo@38 (line 108)
  0x000002902648cd64: 989b 91fe | 4963 c9e9 | 20f1 ffff | bade ffff | ff4c 8944 | 2420 4c89 | 5c24 3048 | 8974 2438 
  0x000002902648cd84: ;   {runtime_call UncommonTrapBlob}
  0x000002902648cd84: c5f8 77e8 

  0x000002902648cd88: ; ImmutableOopMap {[32]=Oop [48]=Oop [56]=Oop }
                      ;*invokevirtual read {reexecute=0 rethrow=0 return_oop=0}
                      ; - kotlin.io.ByteStreamsKt::copyTo@22 (line 106)
  0x000002902648cd88: 749b 91fe | ba76 ffff | ff4c 8b54 | 2430 4c89 | 5424 2890 

  0x000002902648cd9c: ;   {runtime_call UncommonTrapBlob}
  0x000002902648cd9c: c5f8 77e8 

  0x000002902648cda0: ; ImmutableOopMap {[32]=Oop [40]=Oop [56]=Oop }
                      ;*iflt {reexecute=1 rethrow=0 return_oop=0}
                      ; - (reexecute) kotlin.io.ByteStreamsKt::copyTo@29 (line 107)
  0x000002902648cda0: 5c9b 91fe | babe ffff | ff4c 8b54 | 2430 4c89 | 5424 2890 

  0x000002902648cdb4: ;   {runtime_call UncommonTrapBlob}
  0x000002902648cdb4: c5f8 77e8 

  0x000002902648cdb8: ; ImmutableOopMap {[32]=Oop [40]=Oop [56]=Oop }
                      ;*iflt {reexecute=1 rethrow=0 return_oop=0}
                      ; - (reexecute) kotlin.io.ByteStreamsKt::copyTo@29 (line 107)
  0x000002902648cdb8: 449b 91fe | 498b d790 | c5f8 7749 | ba60 6c67 | b3fd 7f00 | 0041 ffd2 | e9e6 f6ff | ffba 3dff 
  0x000002902648cdd8: ffff 48ff | 7424 3848 | 8f44 2420 | 4889 7424 | 3848 8944 | 24f8 8b44 | 2470 8944 | 2444 488b 
  0x000002902648cdf8: 4424 f844 | 8954 2468 | 4489 4424 | 6c44 895c | 2474 6690 

  0x000002902648ce0c: ;   {runtime_call UncommonTrapBlob}
  0x000002902648ce0c: c5f8 77e8 

  0x000002902648ce10: ; ImmutableOopMap {[32]=Oop [48]=Oop [80]=Oop [104]=NarrowOop }
                      ;*if_icmpge {reexecute=1 rethrow=0 return_oop=0}
                      ; - (reexecute) jdk.internal.util.ArraysSupport::newLength@10 (line 638)
                      ; - java.io.ByteArrayOutputStream::ensureCapacity@22 (line 100)
                      ; - java.io.ByteArrayOutputStream::write@15 (line 130)
                      ; - kotlin.io.ByteStreamsKt::copyTo@38 (line 108)
  0x000002902648ce10: ec9a 91fe | 498b d766 | 0f1f 8400 | 0000 0000 | c5f8 7749 | ba60 6c67 | b3fd 7f00 | 0041 ffd2 
  0x000002902648ce30: e9fa f6ff | ffba 45ff | ffff 4c89 | 4424 2848 | 895c 2438 | 4889 7424 | 4044 895c | 2448 6690 
  0x000002902648ce50: ;   {runtime_call UncommonTrapBlob}
  0x000002902648ce50: c5f8 77e8 

  0x000002902648ce54: ; ImmutableOopMap {[40]=Oop [56]=Oop [64]=Oop }
                      ;*ifeq {reexecute=1 rethrow=0 return_oop=0}
                      ; - (reexecute) java.util.zip.ZipInputStream::ensureOpen@4 (line 68)
                      ; - java.util.zip.ZipInputStream::read@1 (line 184)
                      ; - java.io.FilterInputStream::read@5 (line 106)
                      ; - kotlin.io.ByteStreamsKt::copyTo@22 (line 106)
  0x000002902648ce54: a89a 91fe | ba45 ffff | ff4c 8944 | 2420 4889 | 5c24 3048 | 8974 2438 | 4489 5c24 | 4466 6690 
  0x000002902648ce74: ;   {runtime_call UncommonTrapBlob}
  0x000002902648ce74: c5f8 77e8 

  0x000002902648ce78: ; ImmutableOopMap {[32]=Oop [48]=Oop [56]=Oop }
                      ;*ifne {reexecute=1 rethrow=0 return_oop=0}
                      ; - (reexecute) java.util.zip.ZipInputStream::read@29 (line 187)
                      ; - java.io.FilterInputStream::read@5 (line 106)
                      ; - kotlin.io.ByteStreamsKt::copyTo@22 (line 106)
  0x000002902648ce78: 849a 91fe | 448b 5338 | 4585 d20f | 8495 faff | ff4d 8b5f | 2049 8bca | 48c1 e103 | 4d85 db0f 
  0x000002902648ce98: 84a7 0100 | 004d 8b57 | 304b 894c | 1af8 4983 | c3f8 4d89 | 5f20 e96b | faff ffba | 45ff ffff 
  0x000002902648ceb8: 498b ea89 | 7c24 3c89 | 4424 4089 | 4424 4490 

  0x000002902648cec8: ;   {runtime_call UncommonTrapBlob}
  0x000002902648cec8: c5f8 77e8 

  0x000002902648cecc: ; ImmutableOopMap {rbp=Oop [32]=Oop [48]=Oop [60]=NarrowOop }
                      ;*iflt {reexecute=1 rethrow=0 return_oop=0}
                      ; - (reexecute) java.util.zip.CRC32::update@17 (line 76)
                      ; - java.util.zip.ZipInputStream::read@117 (line 202)
                      ; - java.io.FilterInputStream::read@5 (line 106)
                      ; - kotlin.io.ByteStreamsKt::copyTo@22 (line 106)
  0x000002902648cecc: 309a 91fe | ba45 ffff | ff4c 8954 | 2428 897c | 243c 8944 | 2448 6690 

  0x000002902648cee4: ;   {runtime_call UncommonTrapBlob}
  0x000002902648cee4: c5f8 77e8 

  0x000002902648cee8: ; ImmutableOopMap {[32]=Oop [40]=Oop [48]=Oop [60]=NarrowOop }
                      ;*if_icmple {reexecute=1 rethrow=0 return_oop=0}
                      ; - (reexecute) java.util.zip.CRC32::update@25 (line 76)
                      ; - java.util.zip.ZipInputStream::read@117 (line 202)
                      ; - java.io.FilterInputStream::read@5 (line 106)
                      ; - kotlin.io.ByteStreamsKt::copyTo@22 (line 106)
  0x000002902648cee8: 149a 91fe | ba45 ffff | ff49 8bea | 897c 243c | 894c 2440 | 8944 2444 | 8944 2450 

  0x000002902648cf04: ;   {runtime_call UncommonTrapBlob}
  0x000002902648cf04: c5f8 77e8 

  0x000002902648cf08: ; ImmutableOopMap {rbp=Oop [32]=Oop [48]=Oop [60]=NarrowOop }
                      ;*ifgt {reexecute=1 rethrow=0 return_oop=0}
                      ; - (reexecute) java.util.zip.CRC32::updateBytesCheck@1 (line 146)
                      ; - java.util.zip.CRC32::updateBytes@3 (line 138)
                      ; - java.util.zip.CRC32::update@44 (line 79)
                      ; - java.util.zip.ZipInputStream::read@117 (line 202)
                      ; - java.io.FilterInputStream::read@5 (line 106)
                      ; - kotlin.io.ByteStreamsKt::copyTo@22 (line 106)
  0x000002902648cf08: f499 91fe | ba45 ffff | ff48 8b6c | 2438 897c | 2440 894c | 2444 8944 | 2448 8944 | 244c 6690 
  0x000002902648cf28: ;   {runtime_call UncommonTrapBlob}
  0x000002902648cf28: c5f8 77e8 

  0x000002902648cf2c: ; ImmutableOopMap {rbp=Oop [32]=Oop [48]=Oop [64]=NarrowOop }
                      ;*if_icmplt {reexecute=1 rethrow=0 return_oop=0}
                      ; - (reexecute) java.util.zip.CRC32::updateBytesCheck@17 (line 152)
                      ; - java.util.zip.CRC32::updateBytes@3 (line 138)
                      ; - java.util.zip.CRC32::update@44 (line 79)
                      ; - java.util.zip.ZipInputStream::read@117 (line 202)
                      ; - java.io.FilterInputStream::read@5 (line 106)
                      ; - kotlin.io.ByteStreamsKt::copyTo@22 (line 106)
  0x000002902648cf2c: d099 91fe | ba3d ffff | ff48 ff74 | 2438 488f | 4424 2889 | 7c24 3c89 | 4c24 4089 | 4424 4490 
  0x000002902648cf4c: ;   {runtime_call UncommonTrapBlob}
  0x000002902648cf4c: c5f8 77e8 

  0x000002902648cf50: ; ImmutableOopMap {[32]=Oop [40]=Oop [48]=Oop [60]=NarrowOop }
                      ;*iflt {reexecute=1 rethrow=0 return_oop=0}
                      ; - (reexecute) java.util.zip.CRC32::updateBytesCheck@36 (line 157)
                      ; - java.util.zip.CRC32::updateBytes@3 (line 138)
                      ; - java.util.zip.CRC32::update@44 (line 79)
                      ; - java.util.zip.ZipInputStream::read@117 (line 202)
                      ; - java.io.FilterInputStream::read@5 (line 106)
                      ; - kotlin.io.ByteStreamsKt::copyTo@22 (line 106)
  0x000002902648cf50: ac99 91fe | 498b d766 | 0f1f 8400 | 0000 0000 | c5f8 7749 | ba60 6c67 | b3fd 7f00 | 0041 ffd2 
  0x000002902648cf70: e92a f6ff | ffba 8a00 | 0000 4889 | 7424 2890 

  0x000002902648cf80: ;   {runtime_call UncommonTrapBlob}
  0x000002902648cf80: c5f8 77e8 

  0x000002902648cf84: ; ImmutableOopMap {[48]=Oop [56]=Oop [80]=Oop }
                      ;*new {reexecute=0 rethrow=0 return_oop=0}
                      ; - java.util.zip.ZipInputStream::read@294 (line 227)
                      ; - java.io.FilterInputStream::read@5 (line 106)
                      ; - kotlin.io.ByteStreamsKt::copyTo@50 (line 110)
  0x000002902648cf84: 7899 91fe | ba8a 0000 | 0066 6690 

  0x000002902648cf90: ;   {runtime_call UncommonTrapBlob}
  0x000002902648cf90: c5f8 77e8 

  0x000002902648cf94: ; ImmutableOopMap {rbp=Oop [48]=Oop [88]=Oop }
                      ;*new {reexecute=0 rethrow=0 return_oop=0}
                      ; - java.util.zip.ZipInputStream::read@175 (line 216)
                      ; - java.io.FilterInputStream::read@5 (line 106)
                      ; - kotlin.io.ByteStreamsKt::copyTo@50 (line 110)
  0x000002902648cf94: 6899 91fe | baf6 ffff | ff89 4424 | 2066 6690 

  0x000002902648cfa4: ;   {runtime_call UncommonTrapBlob}
  0x000002902648cfa4: c5f8 77e8 

  0x000002902648cfa8: ; ImmutableOopMap {[48]=Oop }
                      ;*invokevirtual update {reexecute=0 rethrow=0 return_oop=0}
                      ; - java.util.zip.ZipInputStream::read@192 (line 218)
                      ; - java.io.FilterInputStream::read@5 (line 106)
                      ; - kotlin.io.ByteStreamsKt::copyTo@50 (line 110)
  0x000002902648cfa8: 5499 91fe | 498b d7c5 | f877 49ba | 606c 67b3 | fd7f 0000 | 41ff d290 | e90b f6ff | ffba f6ff 
  0x000002902648cfc8: ffff 4489 | 5c24 2089 | 5c24 2490 

  0x000002902648cfd4: ;   {runtime_call UncommonTrapBlob}
  0x000002902648cfd4: c5f8 77e8 

  0x000002902648cfd8: ; ImmutableOopMap {[48]=Oop [80]=Oop }
                      ;*invokestatic arraycopy {reexecute=0 rethrow=0 return_oop=0}
                      ; - java.io.ByteArrayOutputStream::write@29 (line 131)
                      ; - kotlin.io.ByteStreamsKt::copyTo@38 (line 108)
  0x000002902648cfd8: 2499 91fe | ba8a 0000 | 0048 8beb | 4c89 4424 | 2048 8974 | 2428 6690 

  0x000002902648cff0: ;   {runtime_call UncommonTrapBlob}
  0x000002902648cff0: c5f8 77e8 

  0x000002902648cff4: ; ImmutableOopMap {rbp=Oop [32]=Oop [40]=Oop }
                      ;*new {reexecute=0 rethrow=0 return_oop=0}
                      ; - java.util.zip.ZipInputStream::read@294 (line 227)
                      ; - java.io.FilterInputStream::read@5 (line 106)
                      ; - kotlin.io.ByteStreamsKt::copyTo@22 (line 106)
  0x000002902648cff4: 0899 91fe | baf6 ffff | ff66 6690 

  0x000002902648d000: ;   {runtime_call UncommonTrapBlob}
  0x000002902648d000: c5f8 77e8 

  0x000002902648d004: ; ImmutableOopMap {}
                      ;*invokevirtual getValue {reexecute=0 rethrow=0 return_oop=0}
                      ; - java.util.zip.ZipInputStream::read@226 (line 220)
                      ; - java.io.FilterInputStream::read@5 (line 106)
                      ; - kotlin.io.ByteStreamsKt::copyTo@50 (line 110)
  0x000002902648d004: f898 91fe | ba8a 0000 | 0048 8b6c | 2428 6690 

  0x000002902648d014: ;   {runtime_call UncommonTrapBlob}
  0x000002902648d014: c5f8 77e8 

  0x000002902648d018: ; ImmutableOopMap {rbp=Oop [48]=Oop [88]=Oop }
                      ;*new {reexecute=0 rethrow=0 return_oop=0}
                      ; - java.util.zip.ZipInputStream::read@233 (line 221)
                      ; - java.io.FilterInputStream::read@5 (line 106)
                      ; - kotlin.io.ByteStreamsKt::copyTo@50 (line 110)
  0x000002902648d018: e498 91fe | ba8a 0000 | 0066 6690 

  0x000002902648d024: ;   {runtime_call UncommonTrapBlob}
  0x000002902648d024: c5f8 77e8 

  0x000002902648d028: ; ImmutableOopMap {rbp=Oop [32]=Oop [48]=Oop }
                      ;*new {reexecute=0 rethrow=0 return_oop=0}
                      ; - java.util.zip.ZipInputStream::read@175 (line 216)
                      ; - java.io.FilterInputStream::read@5 (line 106)
                      ; - kotlin.io.ByteStreamsKt::copyTo@22 (line 106)
  0x000002902648d028: d498 91fe | baf6 ffff | ff48 8b6c | 2430 8944 | 2420 6690 

  0x000002902648d03c: ;   {runtime_call UncommonTrapBlob}
  0x000002902648d03c: c5f8 77e8 

  0x000002902648d040: ; ImmutableOopMap {rbp=Oop }
                      ;*invokevirtual update {reexecute=0 rethrow=0 return_oop=0}
                      ; - java.util.zip.ZipInputStream::read@192 (line 218)
                      ; - java.io.FilterInputStream::read@5 (line 106)
                      ; - kotlin.io.ByteStreamsKt::copyTo@22 (line 106)
  0x000002902648d040: bc98 91fe | 498b d7c5 | f877 49ba | 606c 67b3 | fd7f 0000 | 41ff d2e9 | c2f8 ffff | baf6 ffff 
  0x000002902648d060: ff66 6690 

  0x000002902648d064: ;   {runtime_call UncommonTrapBlob}
  0x000002902648d064: c5f8 77e8 

  0x000002902648d068: ; ImmutableOopMap {}
                      ;*invokevirtual getValue {reexecute=0 rethrow=0 return_oop=0}
                      ; - java.util.zip.ZipInputStream::read@226 (line 220)
                      ; - java.io.FilterInputStream::read@5 (line 106)
                      ; - kotlin.io.ByteStreamsKt::copyTo@22 (line 106)
  0x000002902648d068: 9498 91fe | baf6 ffff | ff66 6690 

  0x000002902648d074: ;   {runtime_call UncommonTrapBlob}
  0x000002902648d074: c5f8 77e8 

  0x000002902648d078: ; ImmutableOopMap {[80]=Oop }
                      ;*arraylength {reexecute=0 rethrow=0 return_oop=0}
                      ; - java.io.ByteArrayOutputStream::ensureCapacity@4 (line 97)
                      ; - java.io.ByteArrayOutputStream::write@15 (line 130)
                      ; - kotlin.io.ByteStreamsKt::copyTo@38 (line 108)
  0x000002902648d078: 8498 91fe | baf6 ffff | ff89 4424 | 2066 6690 

  0x000002902648d088: ;   {runtime_call UncommonTrapBlob}
  0x000002902648d088: c5f8 77e8 

  0x000002902648d08c: ; ImmutableOopMap {[48]=Oop }
                      ;*invokevirtual update {reexecute=0 rethrow=0 return_oop=0}
                      ; - java.util.zip.ZipInputStream::read@117 (line 202)
                      ; - java.io.FilterInputStream::read@5 (line 106)
                      ; - kotlin.io.ByteStreamsKt::copyTo@50 (line 110)
  0x000002902648d08c: 7098 91fe | baf6 ffff | ff89 4424 | 2066 6690 

  0x000002902648d09c: ;   {runtime_call UncommonTrapBlob}
  0x000002902648d09c: c5f8 77e8 

  0x000002902648d0a0: ; ImmutableOopMap {rbp=Oop }
                      ;*invokevirtual update {reexecute=0 rethrow=0 return_oop=0}
                      ; - java.util.zip.ZipInputStream::read@117 (line 202)
                      ; - java.io.FilterInputStream::read@5 (line 106)
                      ; - kotlin.io.ByteStreamsKt::copyTo@22 (line 106)
  0x000002902648d0a0: 5c98 91fe | ba45 ffff | ff4c 8944 | 2420 4489 | 4c24 284c | 895c 2430 

  0x000002902648d0b8: ;   {runtime_call UncommonTrapBlob}
  0x000002902648d0b8: c5f8 77e8 

  0x000002902648d0bc: ; ImmutableOopMap {[32]=Oop [48]=Oop }
                      ;*ifnonnull {reexecute=1 rethrow=0 return_oop=0}
                      ; - (reexecute) kotlin.jvm.internal.Intrinsics::checkNotNullParameter@1 (line 130)
                      ; - kotlin.io.ByteStreamsKt::copyTo@3
  0x000002902648d0bc: 4098 91fe | ba45 ffff | ff49 8beb | 4489 4c24 | 284c 8944 | 2430 6690 

  0x000002902648d0d4: ;   {runtime_call UncommonTrapBlob}
  0x000002902648d0d4: c5f8 77e8 

  0x000002902648d0d8: ; ImmutableOopMap {rbp=Oop [48]=Oop }
                      ;*ifnonnull {reexecute=1 rethrow=0 return_oop=0}
                      ; - (reexecute) kotlin.jvm.internal.Intrinsics::checkNotNullParameter@1 (line 130)
                      ; - kotlin.io.ByteStreamsKt::copyTo@9
  0x000002902648d0d8: 2498 91fe | baf6 ffff | ff66 6690 

  0x000002902648d0e4: ;   {runtime_call UncommonTrapBlob}
  0x000002902648d0e4: c5f8 77e8 

  0x000002902648d0e8: ; ImmutableOopMap {}
                      ;*getfield crc {reexecute=1 rethrow=0 return_oop=0}
                      ; - (reexecute) java.util.zip.ZipInputStream::read@219 (line 220)
                      ; - java.io.FilterInputStream::read@5 (line 106)
                      ; - kotlin.io.ByteStreamsKt::copyTo@50 (line 110)
  0x000002902648d0e8: 1498 91fe | e9c2 0000 | 0048 8bd0 | e9c4 0000 | 0048 8bd8 | 4c8b 5c24 | 3848 8d84 | 24a0 0000 
  0x000002902648d108: 0048 8138 | 0000 0000 | 0f84 8300 | 0000 4d8b | 1349 f7c2 | 0200 0000 | 746f 4981 | ba86 0000 
  0x000002902648d128: 0000 0000 | 0074 0949 | ff8a 8600 | 0000 eb51 | 498b 8296 | 0000 0049 | 0b82 8e00 | 0000 750a 
  0x000002902648d148: 49c7 423e | 0000 0000 | eb47 4981 | ba9e 0000 | 0000 0000 | 0074 2548 | 33c0 49c7 | 423e 0000 
  0x000002902648d168: 0000 f083 | 0424 0049 | 81ba 9e00 | 0000 0000 | 0000 750d | f04d 0fb1 | 7a3e 7505 | 83c8 01eb 
  0x000002902648d188: 10f7 c000 | 0000 00eb | 084c 8b10 | f04d 0fb1 | 130f 852e | 0000 0048 | 8bd3 e916 | 0000 00eb 
  0x000002902648d1a8: 0aeb 08eb | 0deb 0beb | 09eb 0048 | 8bd0 eb05 | eb00 488b | d0c5 f877 | 4881 c4b0 | 0000 005d 
  0x000002902648d1c8: ;   {runtime_call _rethrow_Java}
  0x000002902648d1c8: e9b3 fe92 | fe49 8bcb | 488d 9424 | a000 0000 | 4d8b c70f | 1f44 0000 | c5f8 7749 | bad0 95a8 
  0x000002902648d1e8: b3fd 7f00 | 0041 ffd2 | ebad baf6 | ffff ff90 

  0x000002902648d1f8: ;   {runtime_call UncommonTrapBlob}
  0x000002902648d1f8: c5f8 77e8 

  0x000002902648d1fc: ; ImmutableOopMap {}
                      ;*getfield crc {reexecute=1 rethrow=0 return_oop=0}
                      ; - (reexecute) java.util.zip.ZipInputStream::read@219 (line 220)
                      ; - java.io.FilterInputStream::read@5 (line 106)
                      ; - kotlin.io.ByteStreamsKt::copyTo@22 (line 106)
  0x000002902648d1fc: 0097 91fe 

  0x000002902648d200: ;   {internal_word}
  0x000002902648d200: 49ba 5fc5 | 4826 9002 | 0000 4d89 | 9760 0300 

  0x000002902648d210: ;   {runtime_call SafepointBlob}
  0x000002902648d210: 00e9 eaa7 | 91fe f4f4 | f4f4 f4f4 | f4f4 f4f4 
[Stub Code]
  0x000002902648d220: ;   {no_reloc}
  0x000002902648d220: 48bb 0000 | 0000 0000 

  0x000002902648d228: ;   {runtime_call}
  0x000002902648d228: 0000 e9fb 

  0x000002902648d22c: ;   {static_stub}
  0x000002902648d22c: ffff ff48 | bb00 0000 | 0000 0000 

  0x000002902648d238: ;   {runtime_call}
  0x000002902648d238: 00e9 fbff 

  0x000002902648d23c: ;   {static_stub}
  0x000002902648d23c: ffff 48bb | 0000 0000 | 0000 0000 

  0x000002902648d248: ;   {runtime_call}
  0x000002902648d248: e9fb ffff 

  0x000002902648d24c: ;   {static_stub}
  0x000002902648d24c: ff48 bb00 | 0000 0000 

  0x000002902648d254: ;   {runtime_call}
  0x000002902648d254: 0000 00e9 | fbff ffff 

  0x000002902648d25c: ;   {static_stub}
  0x000002902648d25c: 48bb 0000 | 0000 0000 

  0x000002902648d264: ;   {runtime_call}
  0x000002902648d264: 0000 e9fb 

  0x000002902648d268: ;   {static_stub}
  0x000002902648d268: ffff ff48 | bb00 0000 | 0000 0000 

  0x000002902648d274: ;   {runtime_call}
  0x000002902648d274: 00e9 fbff 

  0x000002902648d278: ;   {static_stub}
  0x000002902648d278: ffff 48bb | 0000 0000 | 0000 0000 

  0x000002902648d284: ;   {runtime_call}
  0x000002902648d284: e9fb ffff 

  0x000002902648d288: ;   {static_stub}
  0x000002902648d288: ff48 bb00 | 0000 0000 

  0x000002902648d290: ;   {runtime_call}
  0x000002902648d290: 0000 00e9 | fbff ffff 
[Exception Handler]
  0x000002902648d298: ;   {runtime_call ExceptionBlob}
  0x000002902648d298: e963 ac92 | fee8 0000 | 0000 4883 

  0x000002902648d2a4: ;   {runtime_call DeoptimizationBlob}
  0x000002902648d2a4: 2c24 05e9 | f499 91fe | f4f4 f4f4 
[/MachCode]


Compiled method (c1) 467440 25087       3       kotlin.io.ByteStreamsKt::readBytes (47 bytes)
 total in heap  [0x0000029020002910,0x00000290200039a8] = 4248
 relocation     [0x0000029020002a70,0x0000029020002b88] = 280
 main code      [0x0000029020002ba0,0x0000029020003560] = 2496
 stub code      [0x0000029020003560,0x0000029020003628] = 200
 oops           [0x0000029020003628,0x0000029020003640] = 24
 metadata       [0x0000029020003640,0x0000029020003680] = 64
 scopes data    [0x0000029020003680,0x00000290200037c8] = 328
 scopes pcs     [0x00000290200037c8,0x0000029020003968] = 416
 dependencies   [0x0000029020003968,0x0000029020003970] = 8
 handler table  [0x0000029020003970,0x0000029020003988] = 24
 nul chk table  [0x0000029020003988,0x00000290200039a8] = 32

[Constant Pool (empty)]

[MachCode]
[Verified Entry Point]
  # {method} {0x0000029009bf7c10} 'readBytes' '(Ljava/io/InputStream;)[B' in 'kotlin/io/ByteStreamsKt'
  # parm0:    rdx:rdx   = 'java/io/InputStream'
  #           [sp+0xd0]  (sp of caller)
  0x0000029020002ba0: 8984 2400 | 90ff ff55 | 4881 ecc0 | 0000 0048 | 8994 2490 

  0x0000029020002bb4: ;   {metadata(method data for {method} {0x0000029009bf7c10} 'readBytes' '(Ljava/io/InputStream;)[B' in 'kotlin/io/ByteStreamsKt')}
  0x0000029020002bb4: 0000 0048 | be08 a2bf | 0990 0200 | 008b becc | 0000 0083 | c702 89be | cc00 0000 | 81e7 fe07 
  0x0000029020002bd4: 0000 83ff | 000f 84b5 

  0x0000029020002bdc: ;   {metadata(method data for {method} {0x0000029009bf7c10} 'readBytes' '(Ljava/io/InputStream;)[B' in 'kotlin/io/ByteStreamsKt')}
  0x0000029020002bdc: 0700 0048 | be08 a2bf | 0990 0200 | 0048 8386 | 1001 0000 

  0x0000029020002bf0: ;   {metadata(method data for {method} {0x000002907a5b54f8} 'checkNotNullParameter' '(Ljava/lang/Object;Ljava/lang/String;)V' in 'kotlin/jvm/internal/Intrinsics')}
  0x0000029020002bf0: 0148 be08 | f700 7c90 | 0200 008b | becc 0000 | 0083 c702 | 89be cc00 | 0000 81e7 | feff 1f00 
  0x0000029020002c10: 83ff 000f | 849c 0700 | 0048 83fa 

  0x0000029020002c1c: ;   {metadata(method data for {method} {0x000002907a5b54f8} 'checkNotNullParameter' '(Ljava/lang/Object;Ljava/lang/String;)V' in 'kotlin/jvm/internal/Intrinsics')}
  0x0000029020002c1c: 0048 be08 | f700 7c90 | 0200 0048 | c7c7 1001 | 0000 0f85 | 0700 0000 | 48c7 c720 | 0100 0048 
  0x0000029020002c3c: 8b04 3e48 | 8d40 0148 | 8904 3e0f | 85f7 0100 

  0x0000029020002c4c: ;   {metadata(method data for {method} {0x000002907a5b54f8} 'checkNotNullParameter' '(Ljava/lang/Object;Ljava/lang/String;)V' in 'kotlin/jvm/internal/Intrinsics')}
  0x0000029020002c4c: 0048 be08 | f700 7c90 | 0200 0048 | 8386 3001 

  0x0000029020002c5c: ;   {metadata(method data for {method} {0x000002907a5b5668} 'throwParameterIsNullNPE' '(Ljava/lang/String;)V' in 'kotlin/jvm/internal/Intrinsics')}
  0x0000029020002c5c: 0000 0148 | be90 f800 | 7c90 0200 | 008b becc | 0000 0083 | c702 89be | cc00 0000 | 81e7 feff 
  0x0000029020002c7c: 1f00 83ff | 000f 844f 

  0x0000029020002c84: ;   {metadata('java/lang/NullPointerException')}
  0x0000029020002c84: 0700 0048 | ba30 1a06 | 3990 0200 | 0049 8b87 | 0801 0000 | 488d 7830 | 493b bf18 | 0100 000f 
  0x0000029020002ca4: 874e 0700 | 0049 89bf | 0801 0000 | 48c7 0001 | 0000 0048 | 8bca 49ba | 0000 0039 | 9002 0000 
  0x0000029020002cc4: 492b ca89 | 4808 4833 | c989 480c | 4833 c948 | 8948 1048 | 8948 1848 | 8948 2048 

  0x0000029020002ce0: ;   {metadata(method data for {method} {0x000002907a5b5668} 'throwParameterIsNullNPE' '(Ljava/lang/String;)V' in 'kotlin/jvm/internal/Intrinsics')}
  0x0000029020002ce0: 8948 2848 | ba90 f800 | 7c90 0200 | 0048 8382 | 1001 0000 

  0x0000029020002cf4: ;   {oop("<this>"{0x000000070272ffd0})}
  0x0000029020002cf4: 0148 bad0 | ff72 0207 | 0000 0048 | 8984 2488 

  0x0000029020002d04: ;   {static_call}
  0x0000029020002d04: 0000 00e8 

  0x0000029020002d08: ; ImmutableOopMap {[144]=Oop [136]=Oop }
                      ;*invokestatic createParameterIsNullExceptionMessage {reexecute=0 rethrow=0 return_oop=0}
                      ; - kotlin.jvm.internal.Intrinsics::throwParameterIsNullNPE@5 (line 140)
                      ; - kotlin.jvm.internal.Intrinsics::checkNotNullParameter@5 (line 131)
                      ; - kotlin.io.ByteStreamsKt::readBytes@3
  0x0000029020002d08: 74ec d904 | 4c8b 8424 | 8800 0000 

  0x0000029020002d14: ;   {metadata(method data for {method} {0x000002907a5b5668} 'throwParameterIsNullNPE' '(Ljava/lang/String;)V' in 'kotlin/jvm/internal/Intrinsics')}
  0x0000029020002d14: 48ba 90f8 | 007c 9002 | 0000 4883 | 8220 0100 | 0001 4c8b | c048 8b94 | 2488 0000 | 0066 0f1f 
  0x0000029020002d34: ;   {optimized virtual_call}
  0x0000029020002d34: 4400 00e8 

  0x0000029020002d38: ; ImmutableOopMap {[144]=Oop [136]=Oop }
                      ;*invokespecial <init> {reexecute=0 rethrow=0 return_oop=0}
                      ; - kotlin.jvm.internal.Intrinsics::throwParameterIsNullNPE@8 (line 140)
                      ; - kotlin.jvm.internal.Intrinsics::checkNotNullParameter@5 (line 131)
                      ; - kotlin.io.ByteStreamsKt::readBytes@3
  0x0000029020002d38: 44e6 d904 

  0x0000029020002d3c: ;   {metadata(method data for {method} {0x000002907a5b5668} 'throwParameterIsNullNPE' '(Ljava/lang/String;)V' in 'kotlin/jvm/internal/Intrinsics')}
  0x0000029020002d3c: 48ba 90f8 | 007c 9002 | 0000 4883 | 8230 0100 

  0x0000029020002d4c: ;   {metadata(method data for {method} {0x000002907a5b6648} 'sanitizeStackTrace' '(Ljava/lang/Throwable;)Ljava/lang/Throwable;' in 'kotlin/jvm/internal/Intrinsics')}
  0x0000029020002d4c: 0001 48ba | 4041 017c | 9002 0000 | 8bb2 cc00 | 0000 83c6 | 0289 b2cc | 0000 0081 | e6fe ff1f 
  0x0000029020002d6c: 0083 fe00 | 0f84 8e06 

  0x0000029020002d74: ;   {oop(a 'java/lang/Class'{0x00000007001a0ac8} = 'kotlin/jvm/internal/Intrinsics')}
  0x0000029020002d74: 0000 48ba | c80a 1a00 | 0700 0000 

  0x0000029020002d80: ;   {metadata(method data for {method} {0x000002907a5b6648} 'sanitizeStackTrace' '(Ljava/lang/Throwable;)Ljava/lang/Throwable;' in 'kotlin/jvm/internal/Intrinsics')}
  0x0000029020002d80: 488b f248 | bf40 4101 | 7c90 0200 | 0048 8387 | 1001 0000 

  0x0000029020002d94: ;   {metadata(method data for {method} {0x000002903943e1e8} 'getName' '()Ljava/lang/String;' in 'java/lang/Class')}
  0x0000029020002d94: 0148 bee0 | e505 7a90 | 0200 008b | becc 0000 | 0083 c702 | 89be cc00 | 0000 81e7 | feff 1f00 
  0x0000029020002db4: 83ff 000f | 8468 0600 | 008b 522c | 48c1 e203 | 4883 fa00 

  0x0000029020002dc8: ;   {metadata(method data for {method} {0x000002903943e1e8} 'getName' '()Ljava/lang/String;' in 'java/lang/Class')}
  0x0000029020002dc8: 48be e0e5 | 057a 9002 | 0000 48c7 | c710 0100 | 000f 8407 | 0000 0048 | c7c7 2001 | 0000 488b 
  0x0000029020002de8: 1c3e 488d | 5b01 4889 | 1c3e 0f84 | 1800 0000 

  0x0000029020002df8: ;   {metadata(method data for {method} {0x000002903943e1e8} 'getName' '()Ljava/lang/String;' in 'java/lang/Class')}
  0x0000029020002df8: 48be e0e5 | 057a 9002 | 0000 ff86 | 3001 0000 | 488b f2e9 | 2700 0000 

  0x0000029020002e10: ;   {oop(a 'java/lang/Class'{0x00000007001a0ac8} = 'kotlin/jvm/internal/Intrinsics')}
  0x0000029020002e10: 48ba c80a | 1a00 0700 | 0000 488b 

  0x0000029020002e1c: ;   {metadata(method data for {method} {0x000002903943e1e8} 'getName' '()Ljava/lang/String;' in 'java/lang/Class')}
  0x0000029020002e1c: f248 bfe0 | e505 7a90 | 0200 0048 | 8387 4801 

  0x0000029020002e2c: ;   {optimized virtual_call}
  0x0000029020002e2c: 0000 01e8 

  0x0000029020002e30: ; ImmutableOopMap {[144]=Oop [136]=Oop }
                      ;*invokevirtual initClassName {reexecute=0 rethrow=0 return_oop=0}
                      ; - java.lang.Class::getName@14 (line 865)
                      ; - kotlin.jvm.internal.Intrinsics::sanitizeStackTrace@3 (line 253)
                      ; - kotlin.jvm.internal.Intrinsics::throwParameterIsNullNPE@11 (line 140)
                      ; - kotlin.jvm.internal.Intrinsics::checkNotNullParameter@5 (line 131)
                      ; - kotlin.io.ByteStreamsKt::readBytes@3
  0x0000029020002e30: 4ce5 d904 | 488b f048 | 8b84 2488 | 0000 00e9 | e603 0000 

  0x0000029020002e44: ;   {metadata('java/io/ByteArrayOutputStream')}
  0x0000029020002e44: 488b da48 | ba78 0319 | 3990 0200 | 0049 8b87 | 0801 0000 | 488d 7818 | 493b bf18 | 0100 000f 
  0x0000029020002e64: 87e2 0500 | 0049 89bf | 0801 0000 | 48c7 0001 | 0000 0048 | 8bca 49ba | 0000 0039 | 9002 0000 
  0x0000029020002e84: 492b ca89 | 4808 4833 | c989 480c | 4833 c948 | 8948 1048 | 3b03 488b 

  0x0000029020002e9c: ;   {metadata(method data for {method} {0x0000029009bf7c10} 'readBytes' '(Ljava/io/InputStream;)[B' in 'kotlin/io/ByteStreamsKt')}
  0x0000029020002e9c: d348 be08 | a2bf 0990 | 0200 008b | 5208 49ba | 0000 0039 | 9002 0000 | 4903 d248 | 3b96 3001 
  0x0000029020002ebc: 0000 750d | 4883 8638 | 0100 0001 | e966 0000 | 0048 3b96 | 4001 0000 | 750d 4883 | 8648 0100 
  0x0000029020002edc: 0001 e950 | 0000 0048 | 81be 3001 | 0000 0000 | 0000 7517 | 4889 9630 | 0100 0048 | c786 3801 
  0x0000029020002efc: 0000 0100 | 0000 e92c | 0000 0048 | 81be 4001 | 0000 0000 | 0000 7517 | 4889 9640 | 0100 0048 
  0x0000029020002f1c: c786 4801 | 0000 0100 | 0000 e908 | 0000 0048 | 8386 2001 | 0000 0148 | 8bd3 4889 | 8424 9800 
  0x0000029020002f3c: 0000 0f1f | 8000 0000 | 0048 b888 | c626 3b90 

  0x0000029020002f4c: ;   {virtual_call}
  0x0000029020002f4c: 0200 00e8 

  0x0000029020002f50: ; ImmutableOopMap {[152]=Oop [144]=Oop }
                      ;*invokevirtual available {reexecute=0 rethrow=0 return_oop=0}
                      ; - kotlin.io.ByteStreamsKt::readBytes@14 (line 135)
  0x0000029020002f50: 8c0c 0000 

  0x0000029020002f54: ;   {metadata(method data for {method} {0x0000029009bf7c10} 'readBytes' '(Ljava/io/InputStream;)[B' in 'kotlin/io/ByteStreamsKt')}
  0x0000029020002f54: 49b8 08a2 | bf09 9002 | 0000 4983 | 8058 0100 

  0x0000029020002f64: ;   {metadata(method data for {method} {0x00000290393ea8d0} 'max' '(II)I' in 'java/lang/Math')}
  0x0000029020002f64: 0001 49b8 | e070 047a | 9002 0000 | 418b 90cc | 0000 0083 | c202 4189 | 90cc 0000 | 0081 e2fe 
  0x0000029020002f84: ff1f 0083 | fa00 0f84 | cd04 0000 | 81f8 0020 

  0x0000029020002f94: ;   {metadata(method data for {method} {0x00000290393ea8d0} 'max' '(II)I' in 'java/lang/Math')}
  0x0000029020002f94: 0000 49b8 | e070 047a | 9002 0000 | 48c7 c210 | 0100 000f | 8f07 0000 | 0048 c7c2 | 2001 0000 
  0x0000029020002fb4: 498b 3410 | 488d 7601 | 4989 3410 | 0f8f 1600 

  0x0000029020002fc4: ;   {metadata(method data for {method} {0x00000290393ea8d0} 'max' '(II)I' in 'java/lang/Math')}
  0x0000029020002fc4: 0000 49b8 | e070 047a | 9002 0000 | 41ff 8030 | 0100 00b8 | 0020 0000 | 4c8b 8424 | 9800 0000 
  0x0000029020002fe4: ;   {metadata(method data for {method} {0x0000029009bf7c10} 'readBytes' '(Ljava/io/InputStream;)[B' in 'kotlin/io/ByteStreamsKt')}
  0x0000029020002fe4: 48ba 08a2 | bf09 9002 | 0000 4883 | 8268 0100 | 0001 4c8b | c048 8b94 | 2498 0000 | 0066 0f1f 
  0x0000029020003004: ;   {optimized virtual_call}
  0x0000029020003004: 4400 00e8 

  0x0000029020003008: ; ImmutableOopMap {[152]=Oop [144]=Oop }
                      ;*invokespecial <init> {reexecute=0 rethrow=0 return_oop=0}
                      ; - kotlin.io.ByteStreamsKt::readBytes@20 (line 135)
  0x0000029020003008: 345d b905 

  0x000002902000300c: ;   {metadata(method data for {method} {0x0000029009bf7c10} 'readBytes' '(Ljava/io/InputStream;)[B' in 'kotlin/io/ByteStreamsKt')}
  0x000002902000300c: 48ba 08a2 | bf09 9002 | 0000 4883 | 82b0 0100 

  0x000002902000301c: ;   {metadata(method data for {method} {0x0000029009bf7648} 'copyTo$default' '(Ljava/io/InputStream;Ljava/io/OutputStream;IILjava/lang/Object;)J' in 'kotlin/io/ByteStreamsKt')}
  0x000002902000301c: 0001 48ba | 50a4 bf09 | 9002 0000 | 448b 82cc | 0000 0041 | 83c0 0244 | 8982 cc00 | 0000 4181 
  0x000002902000303c: e0fe ff1f | 0041 83f8 | 000f 8433 

  0x0000029020003048: ;   {metadata(method data for {method} {0x0000029009bf7648} 'copyTo$default' '(Ljava/io/InputStream;Ljava/io/OutputStream;IILjava/lang/Object;)J' in 'kotlin/io/ByteStreamsKt')}
  0x0000029020003048: 0400 0048 | ba50 a4bf | 0990 0200 | 00ff 8220 

  0x0000029020003058: ;   {metadata(method data for {method} {0x0000029009bf7648} 'copyTo$default' '(Ljava/io/InputStream;Ljava/io/OutputStream;IILjava/lang/Object;)J' in 'kotlin/io/ByteStreamsKt')}
  0x0000029020003058: 0100 0048 | ba50 a4bf | 0990 0200 | 0048 8382 | 3001 0000 | 0148 8b94 | 2490 0000 | 004c 8b84 
  0x0000029020003078: 2498 0000 | 0041 b900 | 2000 000f 

  0x0000029020003084: ;   {static_call}
  0x0000029020003084: 1f40 00e8 

  0x0000029020003088: ; ImmutableOopMap {[152]=Oop }
                      ;*invokestatic copyTo {reexecute=0 rethrow=0 return_oop=0}
                      ; - kotlin.io.ByteStreamsKt::copyTo$default@13 (line 103)
                      ; - kotlin.io.ByteStreamsKt::readBytes@32 (line 136)
  0x0000029020003088: d48d 4806 | 488b 9424 | 9800 0000 

  0x0000029020003094: ;   {metadata(method data for {method} {0x0000029009bf7c10} 'readBytes' '(Ljava/io/InputStream;)[B' in 'kotlin/io/ByteStreamsKt')}
  0x0000029020003094: 488b c249 | b808 a2bf | 0990 0200 | 008b 4008 | 49ba 0000 | 0039 9002 | 0000 4903 | c249 3b80 
  0x00000290200030b4: d001 0000 | 750d 4983 | 80d8 0100 | 0001 e966 | 0000 0049 | 3b80 e001 | 0000 750d | 4983 80e8 
  0x00000290200030d4: 0100 0001 | e950 0000 | 0049 81b8 | d001 0000 | 0000 0000 | 7517 4989 | 80d0 0100 | 0049 c780 
  0x00000290200030f4: d801 0000 | 0100 0000 | e92c 0000 | 0049 81b8 | e001 0000 | 0000 0000 | 7517 4989 | 80e0 0100 
  0x0000029020003114: 0049 c780 | e801 0000 | 0100 0000 | e908 0000 | 0049 8380 | c001 0000 | 014c 8d84 | 24a8 0000 
  0x0000029020003134: 0049 8950 | 0848 8b02 | 4883 c801 | 4989 00f0 | 4c0f b102 | 0f84 1300 | 0000 482b | c448 81e0 
  0x0000029020003154: 07f0 ffff | 4989 000f | 853e 0300 

  0x0000029020003160: ;   {metadata(method data for {method} {0x00000290393069c0} 'toByteArray' '()[B' in 'java/io/ByteArrayOutputStream')}
  0x0000029020003160: 0049 b840 | e265 7c90 | 0200 0041 | 8bb0 cc00 | 0000 83c6 | 0241 89b0 | cc00 0000 | 81e6 feff 
  0x0000029020003180: 1f00 83fe | 000f 8427 | 0300 0044 | 8b42 1049 | c1e0 038b 

  0x0000029020003194: ;   {metadata(method data for {method} {0x00000290393069c0} 'toByteArray' '()[B' in 'java/io/ByteArrayOutputStream')}
  0x0000029020003194: 720c 48ba | 40e2 657c | 9002 0000 | 4883 8210 | 0100 0001 | 498b d04c 

  0x00000290200031ac: ;   {static_call}
  0x00000290200031ac: 8bc6 90e8 

  0x00000290200031b0: ; ImmutableOopMap {[176]=Oop }
                      ;*invokestatic copyOf {reexecute=0 rethrow=0 return_oop=0}
                      ; - java.io.ByteArrayOutputStream::toByteArray@8 (line 185)
                      ; - kotlin.io.ByteStreamsKt::readBytes@37 (line 137)
  0x00000290200031b0: ec64 4005 | 488b f048 | 8d84 24a8 | 0000 0048 | 8b10 4885 | d20f 840f | 0000 004c | 8b40 08f0 
  0x00000290200031d0: 490f b110 | 0f85 f902 

  0x00000290200031d8: ;   {metadata(method data for {method} {0x0000029009bf7c10} 'readBytes' '(Ljava/io/InputStream;)[B' in 'kotlin/io/ByteStreamsKt')}
  0x00000290200031d8: 0000 48ba | 08a2 bf09 | 9002 0000 | 4883 82f8 | 0100 0001 

  0x00000290200031ec: ;   {oop("toByteArray(...)"{0x0000000708c45940})}
  0x00000290200031ec: 488b d649 | b840 59c4 | 0807 0000 | 0048 89b4 | 24a0 0000 | 0066 0f1f 

  0x0000029020003204: ;   {static_call}
  0x0000029020003204: 4400 00e8 

  0x0000029020003208: ; ImmutableOopMap {[160]=Oop }
                      ;*invokestatic checkNotNullExpressionValue {reexecute=0 rethrow=0 return_oop=0}
                      ; - kotlin.io.ByteStreamsKt::readBytes@43 (line 137)
  0x0000029020003208: 34b1 b905 | 488b 8424 | a000 0000 | 4881 c4c0 | 0000 005d 

  0x000002902000321c: ;   {poll_return}
  0x000002902000321c: 493b a748 | 0300 000f | 87c0 0200 

  0x0000029020003228: ;   {metadata(method data for {method} {0x000002907a5b6648} 'sanitizeStackTrace' '(Ljava/lang/Throwable;)Ljava/lang/Throwable;' in 'kotlin/jvm/internal/Intrinsics')}
  0x0000029020003228: 00c3 48ba | 4041 017c | 9002 0000 | 4883 8248 | 0100 0001 | 488b d04c | 8bc6 0f1f 

  0x0000029020003244: ;   {static_call}
  0x0000029020003244: 4400 00e8 

  0x0000029020003248: ; ImmutableOopMap {[144]=Oop }
                      ;*invokestatic sanitizeStackTrace {reexecute=0 rethrow=0 return_oop=0}
                      ; - kotlin.jvm.internal.Intrinsics::sanitizeStackTrace@6 (line 253)
                      ; - kotlin.jvm.internal.Intrinsics::throwParameterIsNullNPE@11 (line 140)
                      ; - kotlin.jvm.internal.Intrinsics::checkNotNullParameter@5 (line 131)
                      ; - kotlin.io.ByteStreamsKt::readBytes@3
  0x0000029020003248: 34e7 d904 | 488b 9424 | 9000 0000 | 4883 f800 

  0x0000029020003258: ;   {metadata(method data for {method} {0x000002907a5b5668} 'throwParameterIsNullNPE' '(Ljava/lang/String;)V' in 'kotlin/jvm/internal/Intrinsics')}
  0x0000029020003258: 7516 48bf | 90f8 007c | 9002 0000 | 808f 3901 | 0000 01e9 | d300 0000 

  0x0000029020003270: ;   {metadata('java/lang/NullPointerException')}
  0x0000029020003270: 48bb 301a | 0639 9002 | 0000 8b78 | 0849 ba00 | 0000 3990 | 0200 0049 | 03fa 483b | 5f50 0f85 
  0x0000029020003290: 9300 0000 

  0x0000029020003294: ;   {metadata(method data for {method} {0x000002907a5b5668} 'throwParameterIsNullNPE' '(Ljava/lang/String;)V' in 'kotlin/jvm/internal/Intrinsics')}
  0x0000029020003294: 48bf 90f8 | 007c 9002 | 0000 8b58 | 0849 ba00 | 0000 3990 | 0200 0049 | 03da 483b | 9f50 0100 
  0x00000290200032b4: 0075 0d48 | 8387 5801 | 0000 01e9 | 7f00 0000 | 483b 9f60 | 0100 0075 | 0d48 8387 | 6801 0000 
  0x00000290200032d4: 01e9 6900 | 0000 4881 | bf50 0100 | 0000 0000 | 0075 1748 | 899f 5001 | 0000 48c7 | 8758 0100 
  0x00000290200032f4: 0001 0000 | 00e9 4500 | 0000 4881 | bf60 0100 | 0000 0000 | 0075 1748 | 899f 6001 | 0000 48c7 
  0x0000029020003314: 8768 0100 | 0001 0000 | 00e9 2100 | 0000 e91c 

  0x0000029020003324: ;   {metadata(method data for {method} {0x000002907a5b5668} 'throwParameterIsNullNPE' '(Ljava/lang/String;)V' in 'kotlin/jvm/internal/Intrinsics')}
  0x0000029020003324: 0000 0048 | bf90 f800 | 7c90 0200 | 0048 83af | 4001 0000 | 01e9 c101 | 0000 e900 | 0000 0048 
  0x0000029020003344: 3b00 e9f7 | 0100 0049 | 8b87 d803 | 0000 4d33 | d24d 8997 | d803 0000 | 4d33 d24d | 8997 e003 
  0x0000029020003364: 0000 488b | f048 8d84 | 24a8 0000 | 0048 8b38 | 4885 ff0f | 840f 0000 | 0048 8b58 | 08f0 480f 
  0x0000029020003384: b13b 0f85 | 8101 0000 | 488b c6e9 | ae01 0000 

  0x0000029020003394: ;   {metadata({method} {0x0000029009bf7c10} 'readBytes' '(Ljava/io/InputStream;)[B' in 'kotlin/io/ByteStreamsKt')}
  0x0000029020003394: 49ba 087c | bf09 9002 | 0000 4c89 | 5424 0848 | c704 24ff 

  0x00000290200033a8: ;   {runtime_call counter_overflow Runtime1 stub}
  0x00000290200033a8: ffff ffe8 

  0x00000290200033ac: ; ImmutableOopMap {rdx=Oop [144]=Oop }
                      ;*synchronization entry
                      ; - kotlin.io.ByteStreamsKt::readBytes@-1
  0x00000290200033ac: 50c1 e404 | e92a f8ff 

  0x00000290200033b4: ;   {metadata({method} {0x000002907a5b54f8} 'checkNotNullParameter' '(Ljava/lang/Object;Ljava/lang/String;)V' in 'kotlin/jvm/internal/Intrinsics')}
  0x00000290200033b4: ff49 baf0 | 545b 7a90 | 0200 004c | 8954 2408 | 48c7 0424 | ffff ffff 

  0x00000290200033cc: ;   {runtime_call counter_overflow Runtime1 stub}
  0x00000290200033cc: e82f c1e4 

  0x00000290200033d0: ; ImmutableOopMap {rdx=Oop [144]=Oop }
                      ;*synchronization entry
                      ; - kotlin.jvm.internal.Intrinsics::checkNotNullParameter@-1 (line 130)
                      ; - kotlin.io.ByteStreamsKt::readBytes@3
  0x00000290200033d0: 04e9 43f8 

  0x00000290200033d4: ;   {metadata({method} {0x000002907a5b5668} 'throwParameterIsNullNPE' '(Ljava/lang/String;)V' in 'kotlin/jvm/internal/Intrinsics')}
  0x00000290200033d4: ffff 49ba | 6056 5b7a | 9002 0000 | 4c89 5424 | 0848 c704 | 24ff ffff 

  0x00000290200033ec: ;   {runtime_call counter_overflow Runtime1 stub}
  0x00000290200033ec: ffe8 0ec1 

  0x00000290200033f0: ; ImmutableOopMap {[144]=Oop }
                      ;*synchronization entry
                      ; - kotlin.jvm.internal.Intrinsics::throwParameterIsNullNPE@-1 (line 140)
                      ; - kotlin.jvm.internal.Intrinsics::checkNotNullParameter@5 (line 131)
                      ; - kotlin.io.ByteStreamsKt::readBytes@3
  0x00000290200033f0: e404 e990 | f8ff ff48 

  0x00000290200033f8: ;   {runtime_call fast_new_instance Runtime1 stub}
  0x00000290200033f8: 8bd2 e801 

  0x00000290200033fc: ; ImmutableOopMap {[144]=Oop }
                      ;*new {reexecute=0 rethrow=0 return_oop=0}
                      ; - kotlin.jvm.internal.Intrinsics::throwParameterIsNullNPE@0 (line 140)
                      ; - kotlin.jvm.internal.Intrinsics::checkNotNullParameter@5 (line 131)
                      ; - kotlin.io.ByteStreamsKt::readBytes@3
  0x00000290200033fc: 79e4 04e9 | dff8 ffff 

  0x0000029020003404: ;   {metadata({method} {0x000002907a5b6648} 'sanitizeStackTrace' '(Ljava/lang/Throwable;)Ljava/lang/Throwable;' in 'kotlin/jvm/internal/Intrinsics')}
  0x0000029020003404: 49ba 4066 | 5b7a 9002 | 0000 4c89 | 5424 0848 | c704 24ff 

  0x0000029020003418: ;   {runtime_call counter_overflow Runtime1 stub}
  0x0000029020003418: ffff ffe8 

  0x000002902000341c: ; ImmutableOopMap {[144]=Oop [136]=Oop }
                      ;*synchronization entry
                      ; - kotlin.jvm.internal.Intrinsics::sanitizeStackTrace@-1 (line 253)
                      ; - kotlin.jvm.internal.Intrinsics::throwParameterIsNullNPE@11 (line 140)
                      ; - kotlin.jvm.internal.Intrinsics::checkNotNullParameter@5 (line 131)
                      ; - kotlin.io.ByteStreamsKt::readBytes@3
  0x000002902000341c: e0c0 e404 | e951 f9ff 

  0x0000029020003424: ;   {metadata({method} {0x000002903943e1e8} 'getName' '()Ljava/lang/String;' in 'java/lang/Class')}
  0x0000029020003424: ff49 bae0 | e143 3990 | 0200 004c | 8954 2408 | 48c7 0424 | ffff ffff 

  0x000002902000343c: ;   {runtime_call counter_overflow Runtime1 stub}
  0x000002902000343c: e8bf c0e4 

  0x0000029020003440: ; ImmutableOopMap {[144]=Oop [136]=Oop rdx=Oop }
                      ;*synchronization entry
                      ; - java.lang.Class::getName@-1 (line 864)
                      ; - kotlin.jvm.internal.Intrinsics::sanitizeStackTrace@3 (line 253)
                      ; - kotlin.jvm.internal.Intrinsics::throwParameterIsNullNPE@11 (line 140)
                      ; - kotlin.jvm.internal.Intrinsics::checkNotNullParameter@5 (line 131)
                      ; - kotlin.io.ByteStreamsKt::readBytes@3
  0x0000029020003440: 04e9 77f9 

  0x0000029020003444: ;   {runtime_call throw_null_pointer_exception Runtime1 stub}
  0x0000029020003444: ffff e8d5 

  0x0000029020003448: ; ImmutableOopMap {[144]=Oop [136]=Oop }
                      ;*getfield name {reexecute=1 rethrow=0 return_oop=0}
                      ; - (reexecute) java.lang.Class::getName@1 (line 864)
                      ; - kotlin.jvm.internal.Intrinsics::sanitizeStackTrace@3 (line 253)
                      ; - kotlin.jvm.internal.Intrinsics::throwParameterIsNullNPE@11 (line 140)
                      ; - kotlin.jvm.internal.Intrinsics::checkNotNullParameter@5 (line 131)
                      ; - kotlin.io.ByteStreamsKt::readBytes@3
  0x0000029020003448: 4ddb 0448 

  0x000002902000344c: ;   {runtime_call fast_new_instance Runtime1 stub}
  0x000002902000344c: 8bd2 e8ad 

  0x0000029020003450: ; ImmutableOopMap {rbx=Oop [144]=Oop }
                      ;*new {reexecute=0 rethrow=0 return_oop=0}
                      ; - kotlin.io.ByteStreamsKt::readBytes@6 (line 135)
  0x0000029020003450: 78e4 04e9 | 3ffa ffff 

  0x0000029020003458: ;   {runtime_call throw_null_pointer_exception Runtime1 stub}
  0x0000029020003458: e8c3 4ddb 

  0x000002902000345c: ; ImmutableOopMap {rbx=Oop [144]=Oop rax=Oop }
                      ;*invokevirtual available {reexecute=0 rethrow=0 return_oop=0}
                      ; - kotlin.io.ByteStreamsKt::readBytes@14 (line 135)
                      ;   {metadata({method} {0x00000290393ea8d0} 'max' '(II)I' in 'java/lang/Math')}
  0x000002902000345c: 0449 bac8 | a83e 3990 | 0200 004c | 8954 2408 | 48c7 0424 | ffff ffff 

  0x0000029020003474: ;   {runtime_call counter_overflow Runtime1 stub}
  0x0000029020003474: e887 c0e4 

  0x0000029020003478: ; ImmutableOopMap {[152]=Oop [144]=Oop }
                      ;*synchronization entry
                      ; - java.lang.Math::max@-1 (line 1562)
                      ; - kotlin.io.ByteStreamsKt::readBytes@17 (line 135)
  0x0000029020003478: 04e9 12fb 

  0x000002902000347c: ;   {metadata({method} {0x0000029009bf7648} 'copyTo$default' '(Ljava/io/InputStream;Ljava/io/OutputStream;IILjava/lang/Object;)J' in 'kotlin/io/ByteStreamsKt')}
  0x000002902000347c: ffff 49ba | 4076 bf09 | 9002 0000 | 4c89 5424 | 0848 c704 | 24ff ffff 

  0x0000029020003494: ;   {runtime_call counter_overflow Runtime1 stub}
  0x0000029020003494: ffe8 66c0 

  0x0000029020003498: ; ImmutableOopMap {[152]=Oop [144]=Oop }
                      ;*synchronization entry
                      ; - kotlin.io.ByteStreamsKt::copyTo$default@-1 (line 103)
                      ; - kotlin.io.ByteStreamsKt::readBytes@32 (line 136)
  0x0000029020003498: e404 e9ac | fbff ff48 | 8954 2408 | 4c89 0424 

  0x00000290200034a8: ;   {runtime_call monitorenter_nofpu Runtime1 stub}
  0x00000290200034a8: e853 9fe4 

  0x00000290200034ac: ; ImmutableOopMap {rdx=Oop [176]=Oop }
                      ;*synchronization entry
                      ; - java.io.ByteArrayOutputStream::toByteArray@-1 (line 185)
                      ; - kotlin.io.ByteStreamsKt::readBytes@37 (line 137)
  0x00000290200034ac: 04e9 affc 

  0x00000290200034b0: ;   {metadata({method} {0x00000290393069c0} 'toByteArray' '()[B' in 'java/io/ByteArrayOutputStream')}
  0x00000290200034b0: ffff 49ba | b869 3039 | 9002 0000 | 4c89 5424 | 0848 c704 | 24ff ffff 

  0x00000290200034c8: ;   {runtime_call counter_overflow Runtime1 stub}
  0x00000290200034c8: ffe8 32c0 

  0x00000290200034cc: ; ImmutableOopMap {rdx=Oop [176]=Oop }
                      ;*synchronization entry
                      ; - java.io.ByteArrayOutputStream::toByteArray@-1 (line 185)
                      ; - kotlin.io.ByteStreamsKt::readBytes@37 (line 137)
  0x00000290200034cc: e404 e9b8 | fcff ff48 | 8d84 24a8 | 0000 0048 

  0x00000290200034dc: ;   {runtime_call monitorexit_nofpu Runtime1 stub}
  0x00000290200034dc: 8904 24e8 | 1ca5 e404 | e9f1 fcff 

  0x00000290200034e8: ;   {internal_word}
  0x00000290200034e8: ff49 ba1c | 3200 2090 | 0200 004d | 8997 6003 

  0x00000290200034f8: ;   {runtime_call SafepointBlob}
  0x00000290200034f8: 0000 e901 | 45da 0448 

  0x0000029020003500: ;   {runtime_call throw_class_cast_exception Runtime1 stub}
  0x0000029020003500: 8904 24e8 

  0x0000029020003504: ; ImmutableOopMap {rdx=Oop [144]=Oop }
                      ;*checkcast {reexecute=0 rethrow=0 return_oop=0}
                      ; - kotlin.jvm.internal.Intrinsics::throwParameterIsNullNPE@14 (line 140)
                      ; - kotlin.jvm.internal.Intrinsics::checkNotNullParameter@5 (line 131)
                      ; - kotlin.io.ByteStreamsKt::readBytes@3
  0x0000029020003504: 1893 e404 

  0x0000029020003508: ;   {runtime_call throw_null_pointer_exception Runtime1 stub}
  0x0000029020003508: e813 4ddb 

  0x000002902000350c: ; ImmutableOopMap {rdx=Oop [144]=Oop rax=Oop }
                      ;*athrow {reexecute=1 rethrow=0 return_oop=0}
                      ; - (reexecute) kotlin.jvm.internal.Intrinsics::throwParameterIsNullNPE@17 (line 140)
                      ; - kotlin.jvm.internal.Intrinsics::checkNotNullParameter@5 (line 131)
                      ; - kotlin.io.ByteStreamsKt::readBytes@3
  0x000002902000350c: 0448 8d84 | 24a8 0000 | 0048 8904 

  0x0000029020003518: ;   {runtime_call monitorexit_nofpu Runtime1 stub}
  0x0000029020003518: 24e8 e2a4 | e404 e969 | feff ff90 | 9049 8b87 | d803 0000 | 49c7 87d8 | 0300 0000 | 0000 0049 
  0x0000029020003538: c787 e003 | 0000 0000 | 0000 4881 | c4c0 0000 

  0x0000029020003548: ;   {runtime_call unwind_exception Runtime1 stub}
  0x0000029020003548: 005d e931 | 5cdb 04f4 | f4f4 f4f4 | f4f4 f4f4 | f4f4 f4f4 | f4f4 f4f4 
[Stub Code]
  0x0000029020003560: ;   {no_reloc}
  0x0000029020003560: 0f1f 4400 

  0x0000029020003564: ;   {static_stub}
  0x0000029020003564: 0048 bb00 | 0000 0000 

  0x000002902000356c: ;   {runtime_call}
  0x000002902000356c: 0000 00e9 | fbff ffff 

  0x0000029020003574: ;   {static_stub}
  0x0000029020003574: 9048 bb00 | 0000 0000 

  0x000002902000357c: ;   {runtime_call}
  0x000002902000357c: 0000 00e9 | fbff ffff 

  0x0000029020003584: ;   {static_stub}
  0x0000029020003584: 9048 bb00 | 0000 0000 

  0x000002902000358c: ;   {runtime_call}
  0x000002902000358c: 0000 00e9 | fbff ffff 

  0x0000029020003594: ;   {static_stub}
  0x0000029020003594: 9048 bb00 | 0000 0000 

  0x000002902000359c: ;   {runtime_call}
  0x000002902000359c: 0000 00e9 | fbff ffff 

  0x00000290200035a4: ;   {static_stub}
  0x00000290200035a4: 9048 bb00 | 0000 0000 

  0x00000290200035ac: ;   {runtime_call}
  0x00000290200035ac: 0000 00e9 | fbff ffff 

  0x00000290200035b4: ;   {static_stub}
  0x00000290200035b4: 9048 bb00 | 0000 0000 

  0x00000290200035bc: ;   {runtime_call}
  0x00000290200035bc: 0000 00e9 | fbff ffff 

  0x00000290200035c4: ;   {static_stub}
  0x00000290200035c4: 9048 bb00 | 0000 0000 

  0x00000290200035cc: ;   {runtime_call}
  0x00000290200035cc: 0000 00e9 | fbff ffff 

  0x00000290200035d4: ;   {static_stub}
  0x00000290200035d4: 9048 bb00 | 0000 0000 

  0x00000290200035dc: ;   {runtime_call}
  0x00000290200035dc: 0000 00e9 | fbff ffff 

  0x00000290200035e4: ;   {static_stub}
  0x00000290200035e4: 9048 bb00 | 0000 0000 

  0x00000290200035ec: ;   {runtime_call}
  0x00000290200035ec: 0000 00e9 | fbff ffff 
[Exception Handler]
  0x00000290200035f4: ;   {runtime_call handle_exception_from_callee Runtime1 stub}
  0x00000290200035f4: e807 8ce4 

  0x00000290200035f8: ;   {external_word}
  0x00000290200035f8: 0448 b900 | facc b3fd | 7f00 0048 

  0x0000029020003604: ;   {runtime_call}
  0x0000029020003604: 83e4 f049 | ba70 9995 | b3fd 7f00 | 0041 ffd2 

  0x0000029020003614: ;   {section_word}
  0x0000029020003614: f449 ba15 | 3600 2090 | 0200 0041 

  0x0000029020003620: ;   {runtime_call DeoptimizationBlob}
  0x0000029020003620: 52e9 7a36 | da04 f4f4 
[/MachCode]


---------------  P R O C E S S  ---------------

Threads class SMR info:
_java_thread_list=0x000002900a63f780, length=101, elements={
0x000002901468d2d0, 0x0000029038c23d20, 0x0000029038c28710, 0x0000029038c401d0,
0x0000029038c40aa0, 0x0000029038c41370, 0x0000029038c41c40, 0x0000029038c44860,
0x0000029038c47230, 0x0000029038c7e2e0, 0x0000029038c0f1d0, 0x000002907e181570,
0x000002907f620e80, 0x000002907f4ace60, 0x000002907f1c97c0, 0x000002907f2ec870,
0x000002907f4ab870, 0x000002907f85cbd0, 0x000002907f85fe70, 0x000002907f85f960,
0x000002907f85ea30, 0x000002907f85d0e0, 0x000002907f85d5f0, 0x000002907f85ef40,
0x000002907f85db00, 0x000002907f85e010, 0x000002907f85e520, 0x000002907f85f450,
0x000002907f5bc920, 0x000002907f5bb4e0, 0x000002907f5bc410, 0x000002907f5bb9f0,
0x000002907f5baac0, 0x000002907f5bbf00, 0x000002907f5be780, 0x000002907f5bec90,
0x000002907f5c00d0, 0x000002907f5c1f30, 0x000002907f5c05e0, 0x000002907f5c1510,
0x000002907f5bf1a0, 0x000002907f5bf6b0, 0x000002907f5c1a20, 0x000002907f5bfbc0,
0x0000029000659f60, 0x000002900065a980, 0x000002900065a470, 0x000002900065ae90,
0x0000029000659030, 0x000002900065b3a0, 0x000002900065b8b0, 0x000002900065bdc0,
0x000002900065c2d0, 0x0000029000659540, 0x0000029000659a50, 0x000002900349cba0,
0x000002900349c180, 0x00000290034a0860, 0x000002900349fe40, 0x000002900349dfe0,
0x000002900349f930, 0x000002900349e4f0, 0x000002900349d0b0, 0x000002900349ea00,
0x000002900349dad0, 0x00000290034a0d70, 0x00000290034a3b00, 0x00000290034a35f0,
0x0000029003d09900, 0x0000029003d0a830, 0x0000029003d07590, 0x0000029003d07aa0,
0x0000029003d07fb0, 0x0000029003d084c0, 0x0000029003d089d0, 0x0000029003d09e10,
0x0000029003d093f0, 0x0000029003d08ee0, 0x0000029003d0a320, 0x0000029003d07080,
0x0000029003d0c690, 0x0000029003d0dad0, 0x0000029003d0c180, 0x0000029003d0dfe0,
0x0000029003d0ad40, 0x0000029003d0d0b0, 0x0000029003d0e4f0, 0x0000029003d0d5c0,
0x0000029003d0ea00, 0x0000029003d0b250, 0x0000029003d0cba0, 0x000002900349f420,
0x000002907f5ba5b0, 0x0000029003d104e0, 0x0000029003d11e30, 0x0000029003d0ffd0,
0x0000029003d12340, 0x0000029003d13270, 0x0000029004be0ab0, 0x0000029004bddd20,
0x0000029004be2910
}

Java Threads: ( => current thread )
  0x000002901468d2d0 JavaThread "main" [_thread_blocked, id=9632, stack(0x000000be93f00000,0x000000be94000000)]
  0x0000029038c23d20 JavaThread "Reference Handler" daemon [_thread_blocked, id=13500, stack(0x000000be94600000,0x000000be94700000)]
  0x0000029038c28710 JavaThread "Finalizer" daemon [_thread_blocked, id=9252, stack(0x000000be94700000,0x000000be94800000)]
  0x0000029038c401d0 JavaThread "Signal Dispatcher" daemon [_thread_blocked, id=4760, stack(0x000000be94800000,0x000000be94900000)]
  0x0000029038c40aa0 JavaThread "Attach Listener" daemon [_thread_blocked, id=13944, stack(0x000000be94900000,0x000000be94a00000)]
  0x0000029038c41370 JavaThread "Service Thread" daemon [_thread_blocked, id=3904, stack(0x000000be94a00000,0x000000be94b00000)]
  0x0000029038c41c40 JavaThread "Monitor Deflation Thread" daemon [_thread_blocked, id=10948, stack(0x000000be94b00000,0x000000be94c00000)]
  0x0000029038c44860 JavaThread "C2 CompilerThread0" daemon [_thread_blocked, id=13472, stack(0x000000be94c00000,0x000000be94d00000)]
  0x0000029038c47230 JavaThread "C1 CompilerThread0" daemon [_thread_blocked, id=2444, stack(0x000000be94d00000,0x000000be94e00000)]
  0x0000029038c7e2e0 JavaThread "Sweeper thread" daemon [_thread_blocked, id=7532, stack(0x000000be94e00000,0x000000be94f00000)]
  0x0000029038c0f1d0 JavaThread "Common-Cleaner" daemon [_thread_blocked, id=8420, stack(0x000000be94f00000,0x000000be95000000)]
  0x000002907e181570 JavaThread "Notification Thread" daemon [_thread_blocked, id=8212, stack(0x000000be95000000,0x000000be95100000)]
  0x000002907f620e80 JavaThread "Daemon health stats" [_thread_blocked, id=10664, stack(0x000000be95700000,0x000000be95800000)]
  0x000002907f4ace60 JavaThread "Incoming local TCP Connector on port 54272" [_thread_in_native, id=9280, stack(0x000000be95600000,0x000000be95700000)]
  0x000002907f1c97c0 JavaThread "Daemon periodic checks" [_thread_blocked, id=7092, stack(0x000000be95800000,0x000000be95900000)]
  0x000002907f2ec870 JavaThread "Daemon" [_thread_blocked, id=5656, stack(0x000000be95900000,0x000000be95a00000)]
  0x000002907f4ab870 JavaThread "Handler for socket connection from /127.0.0.1:54272 to /127.0.0.1:54273" [_thread_in_native, id=6576, stack(0x000000be95a00000,0x000000be95b00000)]
  0x000002907f85cbd0 JavaThread "Cancel handler" [_thread_blocked, id=13128, stack(0x000000be95b00000,0x000000be95c00000)]
  0x000002907f85fe70 JavaThread "Daemon worker" [_thread_blocked, id=14096, stack(0x000000be95c00000,0x000000be95d00000)]
  0x000002907f85f960 JavaThread "Asynchronous log dispatcher for DefaultDaemonConnection: socket connection from /127.0.0.1:54272 to /127.0.0.1:54273" [_thread_blocked, id=13596, stack(0x000000be95d00000,0x000000be95e00000)]
  0x000002907f85ea30 JavaThread "Stdin handler" [_thread_blocked, id=7264, stack(0x000000be95e00000,0x000000be95f00000)]
  0x000002907f85d0e0 JavaThread "Daemon client event forwarder" [_thread_blocked, id=13456, stack(0x000000be95f00000,0x000000be96000000)]
  0x000002907f85d5f0 JavaThread "Cache worker for journal cache (C:\Users\hp\.gradle\caches\journal-1)" [_thread_blocked, id=7180, stack(0x000000be96000000,0x000000be96100000)]
  0x000002907f85ef40 JavaThread "File lock request listener" [_thread_in_native, id=8472, stack(0x000000be96100000,0x000000be96200000)]
  0x000002907f85db00 JavaThread "Cache worker for file hash cache (C:\Users\hp\.gradle\caches\8.14.3\fileHashes)" [_thread_blocked, id=10148, stack(0x000000be96200000,0x000000be96300000)]
  0x000002907f85e010 JavaThread "Cache worker for file hash cache (D:\Users\Manuel\OneDrive\Desktop\note-standard-latest\mobile\android\.gradle\8.14.3\fileHashes)" [_thread_blocked, id=13468, stack(0x000000be96400000,0x000000be96500000)]
  0x000002907f85e520 JavaThread "Cache worker for Build Output Cleanup Cache (D:\Users\Manuel\OneDrive\Desktop\note-standard-latest\mobile\android\.gradle\buildOutputCleanup)" [_thread_blocked, id=3024, stack(0x000000be96300000,0x000000be96400000)]
  0x000002907f85f450 JavaThread "File watcher server" daemon [_thread_in_native, id=6328, stack(0x000000be96500000,0x000000be96600000)]
  0x000002907f5bc920 JavaThread "File watcher consumer" daemon [_thread_blocked, id=12680, stack(0x000000be96600000,0x000000be96700000)]
  0x000002907f5bb4e0 JavaThread "jar transforms" [_thread_blocked, id=10180, stack(0x000000be96800000,0x000000be96900000)]
  0x000002907f5bc410 JavaThread "Cache worker for checksums cache (D:\Users\Manuel\OneDrive\Desktop\note-standard-latest\mobile\android\.gradle\8.14.3\checksums)" [_thread_blocked, id=8356, stack(0x000000be96900000,0x000000be96a00000)]
  0x000002907f5bb9f0 JavaThread "Cache worker for file content cache (C:\Users\hp\.gradle\caches\8.14.3\fileContent)" [_thread_blocked, id=4756, stack(0x000000be96700000,0x000000be96800000)]
  0x000002907f5baac0 JavaThread "Cache worker for cache directory md-supplier (C:\Users\hp\.gradle\caches\8.14.3\md-supplier)" [_thread_blocked, id=14204, stack(0x000000be96e00000,0x000000be96f00000)]
  0x000002907f5bbf00 JavaThread "Cache worker for cache directory md-rule (C:\Users\hp\.gradle\caches\8.14.3\md-rule)" [_thread_blocked, id=14256, stack(0x000000be96a00000,0x000000be96b00000)]
  0x000002907f5be780 JavaThread "Cache worker for Build Output Cleanup Cache (D:\Users\Manuel\OneDrive\Desktop\note-standard-latest\node_modules\@react-native\gradle-plugin\.gradle\buildOutputCleanup)" [_thread_blocked, id=14184, stack(0x000000be97000000,0x000000be97100000)]
  0x000002907f5bec90 JavaThread "Unconstrained build operations" [_thread_blocked, id=10152, stack(0x000000be96f00000,0x000000be97000000)]
  0x000002907f5c00d0 JavaThread "Unconstrained build operations Thread 2" [_thread_blocked, id=14040, stack(0x000000be97300000,0x000000be97400000)]
  0x000002907f5c1f30 JavaThread "Unconstrained build operations Thread 3" [_thread_blocked, id=4064, stack(0x000000be97400000,0x000000be97500000)]
  0x000002907f5c05e0 JavaThread "Unconstrained build operations Thread 4" [_thread_blocked, id=476, stack(0x000000be97500000,0x000000be97600000)]
  0x000002907f5c1510 JavaThread "Unconstrained build operations Thread 5" [_thread_blocked, id=1280, stack(0x000000be97600000,0x000000be97700000)]
  0x000002907f5bf1a0 JavaThread "Unconstrained build operations Thread 6" [_thread_blocked, id=8960, stack(0x000000be97700000,0x000000be97800000)]
  0x000002907f5bf6b0 JavaThread "Cache worker for Build Output Cleanup Cache (D:\Users\Manuel\OneDrive\Desktop\note-standard-latest\node_modules\expo-modules-autolinking\android\expo-gradle-plugin\.gradle\buildOutputCleanup)" [_thread_blocked, id=13900, stack(0x000000be97900000,0x000000be97a00000)]
  0x000002907f5c1a20 JavaThread "Unconstrained build operations Thread 7" [_thread_blocked, id=7036, stack(0x000000be97b00000,0x000000be97c00000)]
  0x000002907f5bfbc0 JavaThread "Unconstrained build operations Thread 8" [_thread_blocked, id=5260, stack(0x000000be97c00000,0x000000be97d00000)]
  0x0000029000659f60 JavaThread "Unconstrained build operations Thread 9" [_thread_blocked, id=10884, stack(0x000000be97d00000,0x000000be97e00000)]
  0x000002900065a980 JavaThread "Unconstrained build operations Thread 10" [_thread_blocked, id=2420, stack(0x000000be97800000,0x000000be97900000)]
  0x000002900065a470 JavaThread "Unconstrained build operations Thread 11" [_thread_blocked, id=3492, stack(0x000000be97e00000,0x000000be97f00000)]
  0x000002900065ae90 JavaThread "Unconstrained build operations Thread 12" [_thread_blocked, id=6368, stack(0x000000be97f00000,0x000000be98000000)]
  0x0000029000659030 JavaThread "Unconstrained build operations Thread 13" [_thread_blocked, id=9420, stack(0x000000be98100000,0x000000be98200000)]
  0x000002900065b3a0 JavaThread "Unconstrained build operations Thread 14" [_thread_blocked, id=11216, stack(0x000000be98200000,0x000000be98300000)]
  0x000002900065b8b0 JavaThread "Unconstrained build operations Thread 15" [_thread_blocked, id=13384, stack(0x000000be98300000,0x000000be98400000)]
  0x000002900065bdc0 JavaThread "build event listener" [_thread_blocked, id=11144, stack(0x000000be98400000,0x000000be98500000)]
  0x000002900065c2d0 JavaThread "Memory manager" [_thread_blocked, id=10596, stack(0x000000be98000000,0x000000be98100000)]
  0x0000029000659540 JavaThread "Unconstrained build operations Thread 16" [_thread_blocked, id=6708, stack(0x000000be98500000,0x000000be98600000)]
  0x0000029000659a50 JavaThread "Unconstrained build operations Thread 17" [_thread_blocked, id=1476, stack(0x000000be98600000,0x000000be98700000)]
  0x000002900349cba0 JavaThread "Unconstrained build operations Thread 18" [_thread_blocked, id=4236, stack(0x000000be98700000,0x000000be98800000)]
  0x000002900349c180 JavaThread "build event listener" [_thread_blocked, id=10044, stack(0x000000be98900000,0x000000be98a00000)]
  0x00000290034a0860 JavaThread "Unconstrained build operations Thread 19" [_thread_blocked, id=4708, stack(0x000000be98a00000,0x000000be98b00000)]
  0x000002900349fe40 JavaThread "Unconstrained build operations Thread 20" [_thread_blocked, id=12572, stack(0x000000be98b00000,0x000000be98c00000)]
  0x000002900349dfe0 JavaThread "Unconstrained build operations Thread 21" [_thread_blocked, id=8548, stack(0x000000be98c00000,0x000000be98d00000)]
  0x000002900349f930 JavaThread "Unconstrained build operations Thread 22" [_thread_blocked, id=1872, stack(0x000000be98d00000,0x000000be98e00000)]
  0x000002900349e4f0 JavaThread "Unconstrained build operations Thread 23" [_thread_blocked, id=5536, stack(0x000000be98e00000,0x000000be98f00000)]
  0x000002900349d0b0 JavaThread "Unconstrained build operations Thread 24" [_thread_blocked, id=14280, stack(0x000000be98f00000,0x000000be99000000)]
  0x000002900349ea00 JavaThread "Unconstrained build operations Thread 25" [_thread_blocked, id=7644, stack(0x000000be99000000,0x000000be99100000)]
  0x000002900349dad0 JavaThread "Unconstrained build operations Thread 26" [_thread_blocked, id=13748, stack(0x000000be99100000,0x000000be99200000)]
  0x00000290034a0d70 JavaThread "Unconstrained build operations Thread 27" [_thread_blocked, id=12888, stack(0x000000be99200000,0x000000be99300000)]
=>0x00000290034a3b00 JavaThread "Execution worker" [_thread_in_vm, id=10648, stack(0x000000be99800000,0x000000be99900000)]
  0x00000290034a35f0 JavaThread "Execution worker Thread 2" [_thread_blocked, id=2604, stack(0x000000be99900000,0x000000be99a00000)]
  0x0000029003d09900 JavaThread "Execution worker Thread 3" [_thread_blocked, id=4332, stack(0x000000be99a00000,0x000000be99b00000)]
  0x0000029003d0a830 JavaThread "Cache worker for execution history cache (D:\Users\Manuel\OneDrive\Desktop\note-standard-latest\node_modules\@react-native\gradle-plugin\.gradle\8.14.3\executionHistory)" [_thread_blocked, id=12132, stack(0x000000be99b00000,0x000000be99c00000)]
  0x0000029003d07590 JavaThread "Cache worker for execution history cache (D:\Users\Manuel\OneDrive\Desktop\note-standard-latest\node_modules\expo-modules-autolinking\android\expo-gradle-plugin\.gradle\8.14.3\executionHistory)" [_thread_blocked, id=2168, stack(0x000000be99c00000,0x000000be99d00000)]
  0x0000029003d07aa0 JavaThread "Unconstrained build operations Thread 28" [_thread_blocked, id=10092, stack(0x000000be99d00000,0x000000be99e00000)]
  0x0000029003d07fb0 JavaThread "Unconstrained build operations Thread 29" [_thread_blocked, id=7208, stack(0x000000be99e00000,0x000000be99f00000)]
  0x0000029003d084c0 JavaThread "Unconstrained build operations Thread 30" [_thread_blocked, id=2316, stack(0x000000be99f00000,0x000000be9a000000)]
  0x0000029003d089d0 JavaThread "Unconstrained build operations Thread 31" [_thread_blocked, id=14312, stack(0x000000be9a000000,0x000000be9a100000)]
  0x0000029003d09e10 JavaThread "Unconstrained build operations Thread 32" [_thread_blocked, id=5168, stack(0x000000be9a100000,0x000000be9a200000)]
  0x0000029003d093f0 JavaThread "Unconstrained build operations Thread 33" [_thread_blocked, id=8000, stack(0x000000be9a200000,0x000000be9a300000)]
  0x0000029003d08ee0 JavaThread "Unconstrained build operations Thread 34" [_thread_blocked, id=6396, stack(0x000000be9a300000,0x000000be9a400000)]
  0x0000029003d0a320 JavaThread "Unconstrained build operations Thread 35" [_thread_blocked, id=4152, stack(0x000000be9a400000,0x000000be9a500000)]
  0x0000029003d07080 JavaThread "Unconstrained build operations Thread 36" [_thread_blocked, id=2764, stack(0x000000be9a500000,0x000000be9a600000)]
  0x0000029003d0c690 JavaThread "Unconstrained build operations Thread 37" [_thread_blocked, id=12260, stack(0x000000be9a600000,0x000000be9a700000)]
  0x0000029003d0dad0 JavaThread "Unconstrained build operations Thread 38" [_thread_blocked, id=4200, stack(0x000000be9a700000,0x000000be9a800000)]
  0x0000029003d0c180 JavaThread "Unconstrained build operations Thread 39" [_thread_blocked, id=12740, stack(0x000000be93e00000,0x000000be93f00000)]
  0x0000029003d0dfe0 JavaThread "Unconstrained build operations Thread 40" [_thread_blocked, id=3512, stack(0x000000be9a800000,0x000000be9a900000)]
  0x0000029003d0ad40 JavaThread "Exec process Thread 4" [_thread_blocked, id=12088, stack(0x000000be96b00000,0x000000be96c00000)]
  0x0000029003d0d0b0 JavaThread "Exec process Thread 5" [_thread_blocked, id=13768, stack(0x000000be96c00000,0x000000be96d00000)]
  0x0000029003d0e4f0 JavaThread "Exec process Thread 6" [_thread_blocked, id=5224, stack(0x000000be96d00000,0x000000be96e00000)]
  0x0000029003d0d5c0 JavaThread "jar transforms Thread 2" [_thread_blocked, id=10944, stack(0x000000be9a900000,0x000000be9aa00000)]
  0x0000029003d0ea00 JavaThread "Cache worker for Build Output Cleanup Cache (D:\Users\Manuel\OneDrive\Desktop\note-standard-latest\node_modules\expo-modules-core\expo-module-gradle-plugin\.gradle\buildOutputCleanup)" [_thread_blocked, id=10904, stack(0x000000be93c00000,0x000000be93d00000)]
  0x0000029003d0b250 JavaThread "Cache worker for Build Output Cleanup Cache (D:\Users\Manuel\OneDrive\Desktop\note-standard-latest\node_modules\expo-updates\expo-updates-gradle-plugin\.gradle\buildOutputCleanup)" [_thread_blocked, id=13008, stack(0x000000be93d00000,0x000000be93e00000)]
  0x0000029003d0cba0 JavaThread "build event listener" [_thread_blocked, id=6492, stack(0x000000be97200000,0x000000be97300000)]
  0x000002900349f420 JavaThread "build event listener" [_thread_blocked, id=3896, stack(0x000000be97100000,0x000000be97200000)]
  0x000002907f5ba5b0 JavaThread "jar transforms Thread 3" [_thread_blocked, id=12656, stack(0x000000be98800000,0x000000be98900000)]
  0x0000029003d104e0 JavaThread "Cache worker for execution history cache (D:\Users\Manuel\OneDrive\Desktop\note-standard-latest\node_modules\expo-updates\expo-updates-gradle-plugin\.gradle\8.14.3\executionHistory)" [_thread_blocked, id=2096, stack(0x000000be9aa00000,0x000000be9ab00000)]
  0x0000029003d11e30 JavaThread "Cache worker for execution history cache (D:\Users\Manuel\OneDrive\Desktop\note-standard-latest\node_modules\expo-modules-core\expo-module-gradle-plugin\.gradle\8.14.3\executionHistory)" [_thread_blocked, id=10460, stack(0x000000be9ab00000,0x000000be9ac00000)]
  0x0000029003d0ffd0 JavaThread "jar transforms Thread 4" [_thread_blocked, id=12696, stack(0x000000be99300000,0x000000be99400000)]
  0x0000029003d12340 JavaThread "Problems report writer" [_thread_blocked, id=14248, stack(0x000000be9ad00000,0x000000be9ae00000)]
  0x0000029003d13270 JavaThread "build event listener" [_thread_blocked, id=6612, stack(0x000000be9ae00000,0x000000be9af00000)]
  0x0000029004be0ab0 JavaThread "ForkJoinPool.commonPool-worker-5" daemon [_thread_blocked, id=1460, stack(0x000000be99400000,0x000000be99500000)]
  0x0000029004bddd20 JavaThread "included builds Thread 7" [_thread_blocked, id=1404, stack(0x000000be99700000,0x000000be99800000)]
  0x0000029004be2910 JavaThread "Cache worker for execution history cache (D:\Users\Manuel\OneDrive\Desktop\note-standard-latest\mobile\android\.gradle\8.14.3\executionHistory)" [_thread_blocked, id=3864, stack(0x000000be9ac00000,0x000000be9ad00000)]

Other Threads:
  0x0000029038c1bd10 VMThread "VM Thread" [stack: 0x000000be94500000,0x000000be94600000] [id=8560] _threads_hazard_ptr=0x000002900a63f780
  0x000002907e1e2a90 WatcherThread [stack: 0x000000be95100000,0x000000be95200000] [id=4868]
  0x00000290146fd800 GCTaskThread "GC Thread#0" [stack: 0x000000be94000000,0x000000be94100000] [id=13976]
  0x000002907e240d80 GCTaskThread "GC Thread#1" [stack: 0x000000be95200000,0x000000be95300000] [id=6384]
  0x000002907e39da50 GCTaskThread "GC Thread#2" [stack: 0x000000be95300000,0x000000be95400000] [id=6944]
  0x000002907f040100 GCTaskThread "GC Thread#3" [stack: 0x000000be95400000,0x000000be95500000] [id=2248]
  0x000002901470f330 ConcurrentGCThread "G1 Main Marker" [stack: 0x000000be94100000,0x000000be94200000] [id=11628]
  0x000002901470fc60 ConcurrentGCThread "G1 Conc#0" [stack: 0x000000be94200000,0x000000be94300000] [id=13792]
  0x000002901473d8a0 ConcurrentGCThread "G1 Refine#0" [stack: 0x000000be94300000,0x000000be94400000] [id=3356]
  0x000002907f4b8590 ConcurrentGCThread "G1 Refine#1" [stack: 0x000000be95500000,0x000000be95600000] [id=5624]
  0x000002901473e080 ConcurrentGCThread "G1 Service" [stack: 0x000000be94400000,0x000000be94500000] [id=4296]

Threads with active compile tasks:

VM state: synchronizing (normal execution)

VM Mutex/Monitor currently owned by a thread:  ([mutex/lock_event])
[0x00000290146893b0] Threads_lock - owner thread: 0x0000029038c1bd10
[0x0000029014689320] Heap_lock - owner thread: 0x00000290034a3b00

Heap address: 0x0000000700000000, size: 4096 MB, Compressed Oops mode: Zero based, Oop shift amount: 3

CDS archive(s) mapped at: [0x0000029039000000-0x0000029039bb0000-0x0000029039bb0000), size 12255232, SharedBaseAddress: 0x0000029039000000, ArchiveRelocationMode: 1.
Compressed class space mapped at: 0x000002903a000000-0x000002907a000000, reserved size: 1073741824
Narrow klass base: 0x0000029039000000, Narrow klass shift: 0, Narrow klass range: 0x100000000

GC Precious Log:
 CPUs: 4 total, 4 available
 Memory: 8015M
 Large Page Support: Disabled
 NUMA Support: Disabled
 Compressed Oops: Enabled (Zero based)
 Heap Region Size: 2M
 Heap Min Capacity: 8M
 Heap Initial Capacity: 126M
 Heap Max Capacity: 4G
 Pre-touch: Disabled
 Parallel Workers: 4
 Concurrent Workers: 1
 Concurrent Refinement Workers: 4
 Periodic GC: Disabled

Heap:
 garbage-first heap   total 1978368K, used 1866129K [0x0000000700000000, 0x0000000800000000)
  region size 2048K, 21 young (43008K), 4 survivors (8192K)
 Metaspace       used 145915K, committed 148480K, reserved 1179648K
  class space    used 20270K, committed 21440K, reserved 1048576K

Heap Regions: E=young(eden), S=young(survivor), O=old, HS=humongous(starts), HC=humongous(continues), CS=collection set, F=free, OA=open archive, CA=closed archive, TAMS=top-at-mark-start (previous, next)
|   0|0x0000000700000000, 0x0000000700200000, 0x0000000700200000|100%| O|  |TAMS 0x0000000700200000, 0x0000000700200000| Untracked 
|   1|0x0000000700200000, 0x0000000700400000, 0x0000000700400000|100%|HS|  |TAMS 0x0000000700400000, 0x0000000700400000| Complete 
|   2|0x0000000700400000, 0x0000000700600000, 0x0000000700600000|100%|HC|  |TAMS 0x0000000700600000, 0x0000000700600000| Complete 
|   3|0x0000000700600000, 0x0000000700800000, 0x0000000700800000|100%| O|  |TAMS 0x0000000700800000, 0x0000000700800000| Untracked 
|   4|0x0000000700800000, 0x0000000700a00000, 0x0000000700a00000|100%| O|  |TAMS 0x0000000700a00000, 0x0000000700a00000| Untracked 
|   5|0x0000000700a00000, 0x0000000700c00000, 0x0000000700c00000|100%| O|  |TAMS 0x0000000700c00000, 0x0000000700c00000| Untracked 
|   6|0x0000000700c00000, 0x0000000700e00000, 0x0000000700e00000|100%| O|  |TAMS 0x0000000700e00000, 0x0000000700e00000| Untracked 
|   7|0x0000000700e00000, 0x0000000701000000, 0x0000000701000000|100%| O|  |TAMS 0x0000000701000000, 0x0000000701000000| Untracked 
|   8|0x0000000701000000, 0x0000000701200000, 0x0000000701200000|100%| O|  |TAMS 0x0000000701200000, 0x0000000701200000| Untracked 
|   9|0x0000000701200000, 0x0000000701400000, 0x0000000701400000|100%| O|  |TAMS 0x0000000701400000, 0x0000000701400000| Untracked 
|  10|0x0000000701400000, 0x0000000701600000, 0x0000000701600000|100%| O|  |TAMS 0x0000000701600000, 0x0000000701600000| Untracked 
|  11|0x0000000701600000, 0x0000000701800000, 0x0000000701800000|100%| O|  |TAMS 0x0000000701800000, 0x0000000701800000| Untracked 
|  12|0x0000000701800000, 0x0000000701a00000, 0x0000000701a00000|100%| O|  |TAMS 0x0000000701a00000, 0x0000000701a00000| Untracked 
|  13|0x0000000701a00000, 0x0000000701c00000, 0x0000000701c00000|100%|HS|  |TAMS 0x0000000701c00000, 0x0000000701c00000| Complete 
|  14|0x0000000701c00000, 0x0000000701e00000, 0x0000000701e00000|100%| O|  |TAMS 0x0000000701e00000, 0x0000000701e00000| Untracked 
|  15|0x0000000701e00000, 0x0000000702000000, 0x0000000702000000|100%| O|  |TAMS 0x0000000702000000, 0x0000000702000000| Untracked 
|  16|0x0000000702000000, 0x0000000702200000, 0x0000000702200000|100%| O|  |TAMS 0x0000000702200000, 0x0000000702200000| Untracked 
|  17|0x0000000702200000, 0x0000000702400000, 0x0000000702400000|100%| O|  |TAMS 0x0000000702400000, 0x0000000702400000| Untracked 
|  18|0x0000000702400000, 0x0000000702600000, 0x0000000702600000|100%| O|  |TAMS 0x0000000702600000, 0x0000000702600000| Untracked 
|  19|0x0000000702600000, 0x0000000702800000, 0x0000000702800000|100%| O|  |TAMS 0x0000000702800000, 0x0000000702800000| Untracked 
|  20|0x0000000702800000, 0x0000000702a00000, 0x0000000702a00000|100%| O|  |TAMS 0x0000000702a00000, 0x0000000702a00000| Untracked 
|  21|0x0000000702a00000, 0x0000000702c00000, 0x0000000702c00000|100%|HS|  |TAMS 0x0000000702c00000, 0x0000000702c00000| Complete 
|  22|0x0000000702c00000, 0x0000000702e00000, 0x0000000702e00000|100%|HC|  |TAMS 0x0000000702e00000, 0x0000000702e00000| Complete 
|  23|0x0000000702e00000, 0x0000000703000000, 0x0000000703000000|100%| O|  |TAMS 0x0000000703000000, 0x0000000703000000| Untracked 
|  24|0x0000000703000000, 0x0000000703200000, 0x0000000703200000|100%| O|  |TAMS 0x0000000703200000, 0x0000000703200000| Untracked 
|  25|0x0000000703200000, 0x0000000703400000, 0x0000000703400000|100%| O|  |TAMS 0x0000000703400000, 0x0000000703400000| Untracked 
|  26|0x0000000703400000, 0x0000000703600000, 0x0000000703600000|100%|HS|  |TAMS 0x0000000703600000, 0x0000000703600000| Complete 
|  27|0x0000000703600000, 0x0000000703800000, 0x0000000703800000|100%|HC|  |TAMS 0x0000000703800000, 0x0000000703800000| Complete 
|  28|0x0000000703800000, 0x0000000703a00000, 0x0000000703a00000|100%| O|  |TAMS 0x0000000703a00000, 0x0000000703a00000| Untracked 
|  29|0x0000000703a00000, 0x0000000703c00000, 0x0000000703c00000|100%| O|  |TAMS 0x0000000703c00000, 0x0000000703c00000| Untracked 
|  30|0x0000000703c00000, 0x0000000703e00000, 0x0000000703e00000|100%| O|  |TAMS 0x0000000703e00000, 0x0000000703e00000| Untracked 
|  31|0x0000000703e00000, 0x0000000704000000, 0x0000000704000000|100%| O|  |TAMS 0x0000000704000000, 0x0000000704000000| Untracked 
|  32|0x0000000704000000, 0x0000000704200000, 0x0000000704200000|100%| O|  |TAMS 0x0000000704000000, 0x0000000704200000| Untracked 
|  33|0x0000000704200000, 0x0000000704400000, 0x0000000704400000|100%| O|  |TAMS 0x0000000704400000, 0x0000000704400000| Untracked 
|  34|0x0000000704400000, 0x0000000704600000, 0x0000000704600000|100%| O|  |TAMS 0x0000000704600000, 0x0000000704600000| Untracked 
|  35|0x0000000704600000, 0x0000000704800000, 0x0000000704800000|100%| O|  |TAMS 0x0000000704800000, 0x0000000704800000| Untracked 
|  36|0x0000000704800000, 0x0000000704a00000, 0x0000000704a00000|100%|HS|  |TAMS 0x0000000704a00000, 0x0000000704a00000| Complete 
|  37|0x0000000704a00000, 0x0000000704c00000, 0x0000000704c00000|100%| O|  |TAMS 0x0000000704c00000, 0x0000000704c00000| Untracked 
|  38|0x0000000704c00000, 0x0000000704e00000, 0x0000000704e00000|100%| O|  |TAMS 0x0000000704e00000, 0x0000000704e00000| Untracked 
|  39|0x0000000704e00000, 0x0000000705000000, 0x0000000705000000|100%| O|  |TAMS 0x0000000705000000, 0x0000000705000000| Untracked 
|  40|0x0000000705000000, 0x0000000705200000, 0x0000000705200000|100%| O|  |TAMS 0x0000000705200000, 0x0000000705200000| Untracked 
|  41|0x0000000705200000, 0x0000000705400000, 0x0000000705400000|100%| O|  |TAMS 0x0000000705400000, 0x0000000705400000| Untracked 
|  42|0x0000000705400000, 0x0000000705600000, 0x0000000705600000|100%|HS|  |TAMS 0x0000000705600000, 0x0000000705600000| Complete 
|  43|0x0000000705600000, 0x0000000705800000, 0x0000000705800000|100%|HS|  |TAMS 0x0000000705800000, 0x0000000705800000| Complete 
|  44|0x0000000705800000, 0x0000000705a00000, 0x0000000705a00000|100%|HC|  |TAMS 0x0000000705a00000, 0x0000000705a00000| Complete 
|  45|0x0000000705a00000, 0x0000000705c00000, 0x0000000705c00000|100%|HS|  |TAMS 0x0000000705c00000, 0x0000000705c00000| Complete 
|  46|0x0000000705c00000, 0x0000000705e00000, 0x0000000705e00000|100%|HC|  |TAMS 0x0000000705e00000, 0x0000000705e00000| Complete 
|  47|0x0000000705e00000, 0x0000000706000000, 0x0000000706000000|100%| O|  |TAMS 0x0000000706000000, 0x0000000706000000| Untracked 
|  48|0x0000000706000000, 0x0000000706200000, 0x0000000706200000|100%| O|  |TAMS 0x0000000706200000, 0x0000000706200000| Untracked 
|  49|0x0000000706200000, 0x0000000706400000, 0x0000000706400000|100%| O|  |TAMS 0x0000000706400000, 0x0000000706400000| Untracked 
|  50|0x0000000706400000, 0x0000000706600000, 0x0000000706600000|100%| O|  |TAMS 0x0000000706600000, 0x0000000706600000| Untracked 
|  51|0x0000000706600000, 0x0000000706800000, 0x0000000706800000|100%| O|  |TAMS 0x0000000706800000, 0x0000000706800000| Untracked 
|  52|0x0000000706800000, 0x0000000706a00000, 0x0000000706a00000|100%| O|  |TAMS 0x0000000706a00000, 0x0000000706a00000| Untracked 
|  53|0x0000000706a00000, 0x0000000706c00000, 0x0000000706c00000|100%| O|  |TAMS 0x0000000706c00000, 0x0000000706c00000| Untracked 
|  54|0x0000000706c00000, 0x0000000706e00000, 0x0000000706e00000|100%| O|  |TAMS 0x0000000706e00000, 0x0000000706e00000| Untracked 
|  55|0x0000000706e00000, 0x0000000707000000, 0x0000000707000000|100%| O|  |TAMS 0x0000000707000000, 0x0000000707000000| Untracked 
|  56|0x0000000707000000, 0x0000000707200000, 0x0000000707200000|100%| O|  |TAMS 0x0000000707200000, 0x0000000707200000| Untracked 
|  57|0x0000000707200000, 0x0000000707400000, 0x0000000707400000|100%| O|  |TAMS 0x0000000707400000, 0x0000000707400000| Untracked 
|  58|0x0000000707400000, 0x0000000707600000, 0x0000000707600000|100%| O|  |TAMS 0x0000000707600000, 0x0000000707600000| Untracked 
|  59|0x0000000707600000, 0x0000000707800000, 0x0000000707800000|100%| O|  |TAMS 0x0000000707800000, 0x0000000707800000| Untracked 
|  60|0x0000000707800000, 0x0000000707a00000, 0x0000000707a00000|100%|HS|  |TAMS 0x0000000707a00000, 0x0000000707a00000| Complete 
|  61|0x0000000707a00000, 0x0000000707c00000, 0x0000000707c00000|100%| O|  |TAMS 0x0000000707c00000, 0x0000000707c00000| Untracked 
|  62|0x0000000707c00000, 0x0000000707e00000, 0x0000000707e00000|100%| O|  |TAMS 0x0000000707e00000, 0x0000000707e00000| Untracked 
|  63|0x0000000707e00000, 0x0000000708000000, 0x0000000708000000|100%| O|  |TAMS 0x0000000708000000, 0x0000000708000000| Untracked 
|  64|0x0000000708000000, 0x0000000708200000, 0x0000000708200000|100%| O|  |TAMS 0x0000000708200000, 0x0000000708200000| Untracked 
|  65|0x0000000708200000, 0x0000000708400000, 0x0000000708400000|100%| O|  |TAMS 0x0000000708400000, 0x0000000708400000| Untracked 
|  66|0x0000000708400000, 0x0000000708600000, 0x0000000708600000|100%| O|  |TAMS 0x0000000708600000, 0x0000000708600000| Untracked 
|  67|0x0000000708600000, 0x0000000708800000, 0x0000000708800000|100%| O|  |TAMS 0x0000000708800000, 0x0000000708800000| Untracked 
|  68|0x0000000708800000, 0x0000000708a00000, 0x0000000708a00000|100%| O|  |TAMS 0x0000000708a00000, 0x0000000708a00000| Untracked 
|  69|0x0000000708a00000, 0x0000000708c00000, 0x0000000708c00000|100%| O|  |TAMS 0x0000000708c00000, 0x0000000708c00000| Untracked 
|  70|0x0000000708c00000, 0x0000000708e00000, 0x0000000708e00000|100%| O|  |TAMS 0x0000000708e00000, 0x0000000708e00000| Untracked 
|  71|0x0000000708e00000, 0x0000000709000000, 0x0000000709000000|100%| O|  |TAMS 0x0000000709000000, 0x0000000709000000| Untracked 
|  72|0x0000000709000000, 0x0000000709200000, 0x0000000709200000|100%| O|  |TAMS 0x0000000709200000, 0x0000000709200000| Untracked 
|  73|0x0000000709200000, 0x0000000709400000, 0x0000000709400000|100%| O|  |TAMS 0x0000000709400000, 0x0000000709400000| Untracked 
|  74|0x0000000709400000, 0x0000000709600000, 0x0000000709600000|100%| O|  |TAMS 0x0000000709600000, 0x0000000709600000| Untracked 
|  75|0x0000000709600000, 0x0000000709800000, 0x0000000709800000|100%| O|  |TAMS 0x0000000709800000, 0x0000000709800000| Untracked 
|  76|0x0000000709800000, 0x0000000709a00000, 0x0000000709a00000|100%| O|  |TAMS 0x0000000709a00000, 0x0000000709a00000| Untracked 
|  77|0x0000000709a00000, 0x0000000709c00000, 0x0000000709c00000|100%| O|  |TAMS 0x0000000709c00000, 0x0000000709c00000| Untracked 
|  78|0x0000000709c00000, 0x0000000709e00000, 0x0000000709e00000|100%| O|  |TAMS 0x0000000709e00000, 0x0000000709e00000| Untracked 
|  79|0x0000000709e00000, 0x000000070a000000, 0x000000070a000000|100%| O|  |TAMS 0x000000070a000000, 0x000000070a000000| Untracked 
|  80|0x000000070a000000, 0x000000070a200000, 0x000000070a200000|100%| O|  |TAMS 0x000000070a200000, 0x000000070a200000| Untracked 
|  81|0x000000070a200000, 0x000000070a400000, 0x000000070a400000|100%| O|  |TAMS 0x000000070a400000, 0x000000070a400000| Untracked 
|  82|0x000000070a400000, 0x000000070a600000, 0x000000070a600000|100%| O|  |TAMS 0x000000070a600000, 0x000000070a600000| Untracked 
|  83|0x000000070a600000, 0x000000070a800000, 0x000000070a800000|100%| O|  |TAMS 0x000000070a800000, 0x000000070a800000| Untracked 
|  84|0x000000070a800000, 0x000000070aa00000, 0x000000070aa00000|100%| O|  |TAMS 0x000000070a800000, 0x000000070aa00000| Untracked 
|  85|0x000000070aa00000, 0x000000070ac00000, 0x000000070ac00000|100%| O|  |TAMS 0x000000070ac00000, 0x000000070ac00000| Untracked 
|  86|0x000000070ac00000, 0x000000070ae00000, 0x000000070ae00000|100%| O|  |TAMS 0x000000070ae00000, 0x000000070ae00000| Untracked 
|  87|0x000000070ae00000, 0x000000070b000000, 0x000000070b000000|100%| O|  |TAMS 0x000000070b000000, 0x000000070b000000| Untracked 
|  88|0x000000070b000000, 0x000000070b200000, 0x000000070b200000|100%| O|  |TAMS 0x000000070b200000, 0x000000070b200000| Untracked 
|  89|0x000000070b200000, 0x000000070b400000, 0x000000070b400000|100%| O|  |TAMS 0x000000070b400000, 0x000000070b400000| Untracked 
|  90|0x000000070b400000, 0x000000070b600000, 0x000000070b600000|100%| O|  |TAMS 0x000000070b600000, 0x000000070b600000| Untracked 
|  91|0x000000070b600000, 0x000000070b800000, 0x000000070b800000|100%| O|  |TAMS 0x000000070b800000, 0x000000070b800000| Untracked 
|  92|0x000000070b800000, 0x000000070ba00000, 0x000000070ba00000|100%| O|  |TAMS 0x000000070ba00000, 0x000000070ba00000| Untracked 
|  93|0x000000070ba00000, 0x000000070bc00000, 0x000000070bc00000|100%| O|  |TAMS 0x000000070bc00000, 0x000000070bc00000| Untracked 
|  94|0x000000070bc00000, 0x000000070be00000, 0x000000070be00000|100%| O|  |TAMS 0x000000070be00000, 0x000000070be00000| Untracked 
|  95|0x000000070be00000, 0x000000070c000000, 0x000000070c000000|100%| O|  |TAMS 0x000000070c000000, 0x000000070c000000| Untracked 
|  96|0x000000070c000000, 0x000000070c200000, 0x000000070c200000|100%| O|  |TAMS 0x000000070c000000, 0x000000070c200000| Untracked 
|  97|0x000000070c200000, 0x000000070c400000, 0x000000070c400000|100%| O|  |TAMS 0x000000070c400000, 0x000000070c400000| Untracked 
|  98|0x000000070c400000, 0x000000070c600000, 0x000000070c600000|100%| O|  |TAMS 0x000000070c600000, 0x000000070c600000| Untracked 
|  99|0x000000070c600000, 0x000000070c800000, 0x000000070c800000|100%| O|  |TAMS 0x000000070c800000, 0x000000070c800000| Untracked 
| 100|0x000000070c800000, 0x000000070ca00000, 0x000000070ca00000|100%| O|  |TAMS 0x000000070ca00000, 0x000000070ca00000| Untracked 
| 101|0x000000070ca00000, 0x000000070cc00000, 0x000000070cc00000|100%| O|  |TAMS 0x000000070cc00000, 0x000000070cc00000| Untracked 
| 102|0x000000070cc00000, 0x000000070ce00000, 0x000000070ce00000|100%| O|  |TAMS 0x000000070ce00000, 0x000000070ce00000| Untracked 
| 103|0x000000070ce00000, 0x000000070d000000, 0x000000070d000000|100%| O|  |TAMS 0x000000070ce00000, 0x000000070d000000| Untracked 
| 104|0x000000070d000000, 0x000000070d200000, 0x000000070d200000|100%|HS|  |TAMS 0x000000070d200000, 0x000000070d200000| Complete 
| 105|0x000000070d200000, 0x000000070d400000, 0x000000070d400000|100%|HS|  |TAMS 0x000000070d400000, 0x000000070d400000| Complete 
| 106|0x000000070d400000, 0x000000070d600000, 0x000000070d600000|100%|HC|  |TAMS 0x000000070d600000, 0x000000070d600000| Complete 
| 107|0x000000070d600000, 0x000000070d800000, 0x000000070d800000|100%| O|  |TAMS 0x000000070d800000, 0x000000070d800000| Untracked 
| 108|0x000000070d800000, 0x000000070da00000, 0x000000070da00000|100%| O|  |TAMS 0x000000070da00000, 0x000000070da00000| Untracked 
| 109|0x000000070da00000, 0x000000070dc00000, 0x000000070dc00000|100%| O|  |TAMS 0x000000070dc00000, 0x000000070dc00000| Untracked 
| 110|0x000000070dc00000, 0x000000070de00000, 0x000000070de00000|100%| O|  |TAMS 0x000000070de00000, 0x000000070de00000| Untracked 
| 111|0x000000070de00000, 0x000000070e000000, 0x000000070e000000|100%| O|  |TAMS 0x000000070e000000, 0x000000070e000000| Untracked 
| 112|0x000000070e000000, 0x000000070e200000, 0x000000070e200000|100%|HS|  |TAMS 0x000000070e200000, 0x000000070e200000| Complete 
| 113|0x000000070e200000, 0x000000070e400000, 0x000000070e400000|100%| O|  |TAMS 0x000000070e400000, 0x000000070e400000| Untracked 
| 114|0x000000070e400000, 0x000000070e600000, 0x000000070e600000|100%| O|  |TAMS 0x000000070e600000, 0x000000070e600000| Untracked 
| 115|0x000000070e600000, 0x000000070e800000, 0x000000070e800000|100%| O|  |TAMS 0x000000070e800000, 0x000000070e800000| Untracked 
| 116|0x000000070e800000, 0x000000070ea00000, 0x000000070ea00000|100%| O|  |TAMS 0x000000070ea00000, 0x000000070ea00000| Untracked 
| 117|0x000000070ea00000, 0x000000070ec00000, 0x000000070ec00000|100%| O|  |TAMS 0x000000070ec00000, 0x000000070ec00000| Untracked 
| 118|0x000000070ec00000, 0x000000070ee00000, 0x000000070ee00000|100%| O|  |TAMS 0x000000070ee00000, 0x000000070ee00000| Untracked 
| 119|0x000000070ee00000, 0x000000070f000000, 0x000000070f000000|100%| O|  |TAMS 0x000000070f000000, 0x000000070f000000| Untracked 
| 120|0x000000070f000000, 0x000000070f200000, 0x000000070f200000|100%| O|  |TAMS 0x000000070f000000, 0x000000070f200000| Untracked 
| 121|0x000000070f200000, 0x000000070f400000, 0x000000070f400000|100%| O|  |TAMS 0x000000070f400000, 0x000000070f400000| Untracked 
| 122|0x000000070f400000, 0x000000070f600000, 0x000000070f600000|100%| O|  |TAMS 0x000000070f600000, 0x000000070f600000| Untracked 
| 123|0x000000070f600000, 0x000000070f800000, 0x000000070f800000|100%| O|  |TAMS 0x000000070f600000, 0x000000070f800000| Untracked 
| 124|0x000000070f800000, 0x000000070fa00000, 0x000000070fa00000|100%| O|  |TAMS 0x000000070fa00000, 0x000000070fa00000| Untracked 
| 125|0x000000070fa00000, 0x000000070fc00000, 0x000000070fc00000|100%| O|  |TAMS 0x000000070fc00000, 0x000000070fc00000| Untracked 
| 126|0x000000070fc00000, 0x000000070fe00000, 0x000000070fe00000|100%| O|  |TAMS 0x000000070fe00000, 0x000000070fe00000| Untracked 
| 127|0x000000070fe00000, 0x0000000710000000, 0x0000000710000000|100%| O|  |TAMS 0x0000000710000000, 0x0000000710000000| Untracked 
| 128|0x0000000710000000, 0x0000000710200000, 0x0000000710200000|100%| O|  |TAMS 0x0000000710000000, 0x0000000710200000| Untracked 
| 129|0x0000000710200000, 0x0000000710400000, 0x0000000710400000|100%| O|  |TAMS 0x0000000710400000, 0x0000000710400000| Untracked 
| 130|0x0000000710400000, 0x0000000710600000, 0x0000000710600000|100%| O|  |TAMS 0x0000000710600000, 0x0000000710600000| Untracked 
| 131|0x0000000710600000, 0x0000000710800000, 0x0000000710800000|100%| O|  |TAMS 0x0000000710800000, 0x0000000710800000| Untracked 
| 132|0x0000000710800000, 0x0000000710a00000, 0x0000000710a00000|100%| O|  |TAMS 0x0000000710a00000, 0x0000000710a00000| Untracked 
| 133|0x0000000710a00000, 0x0000000710c00000, 0x0000000710c00000|100%| O|  |TAMS 0x0000000710c00000, 0x0000000710c00000| Untracked 
| 134|0x0000000710c00000, 0x0000000710e00000, 0x0000000710e00000|100%| O|  |TAMS 0x0000000710e00000, 0x0000000710e00000| Untracked 
| 135|0x0000000710e00000, 0x0000000711000000, 0x0000000711000000|100%| O|  |TAMS 0x0000000711000000, 0x0000000711000000| Untracked 
| 136|0x0000000711000000, 0x0000000711200000, 0x0000000711200000|100%| O|  |TAMS 0x0000000711000000, 0x0000000711200000| Untracked 
| 137|0x0000000711200000, 0x0000000711400000, 0x0000000711400000|100%| O|  |TAMS 0x0000000711400000, 0x0000000711400000| Untracked 
| 138|0x0000000711400000, 0x0000000711600000, 0x0000000711600000|100%| O|  |TAMS 0x0000000711600000, 0x0000000711600000| Untracked 
| 139|0x0000000711600000, 0x0000000711800000, 0x0000000711800000|100%| O|  |TAMS 0x0000000711800000, 0x0000000711800000| Untracked 
| 140|0x0000000711800000, 0x0000000711a00000, 0x0000000711a00000|100%| O|  |TAMS 0x0000000711a00000, 0x0000000711a00000| Untracked 
| 141|0x0000000711a00000, 0x0000000711c00000, 0x0000000711c00000|100%| O|  |TAMS 0x0000000711c00000, 0x0000000711c00000| Untracked 
| 142|0x0000000711c00000, 0x0000000711e00000, 0x0000000711e00000|100%| O|  |TAMS 0x0000000711e00000, 0x0000000711e00000| Untracked 
| 143|0x0000000711e00000, 0x0000000712000000, 0x0000000712000000|100%| O|  |TAMS 0x0000000712000000, 0x0000000712000000| Untracked 
| 144|0x0000000712000000, 0x0000000712200000, 0x0000000712200000|100%| O|  |TAMS 0x0000000712000000, 0x0000000712200000| Untracked 
| 145|0x0000000712200000, 0x0000000712400000, 0x0000000712400000|100%| O|  |TAMS 0x0000000712200000, 0x0000000712400000| Untracked 
| 146|0x0000000712400000, 0x0000000712600000, 0x0000000712600000|100%| O|  |TAMS 0x0000000712400000, 0x0000000712600000| Untracked 
| 147|0x0000000712600000, 0x0000000712800000, 0x0000000712800000|100%| O|  |TAMS 0x0000000712600000, 0x0000000712800000| Untracked 
| 148|0x0000000712800000, 0x0000000712a00000, 0x0000000712a00000|100%| O|  |TAMS 0x0000000712800000, 0x0000000712a00000| Untracked 
| 149|0x0000000712a00000, 0x0000000712c00000, 0x0000000712c00000|100%| O|  |TAMS 0x0000000712a00000, 0x0000000712c00000| Untracked 
| 150|0x0000000712c00000, 0x0000000712e00000, 0x0000000712e00000|100%| O|  |TAMS 0x0000000712c00000, 0x0000000712e00000| Untracked 
| 151|0x0000000712e00000, 0x0000000713000000, 0x0000000713000000|100%| O|  |TAMS 0x0000000712e00000, 0x0000000713000000| Untracked 
| 152|0x0000000713000000, 0x0000000713200000, 0x0000000713200000|100%| O|  |TAMS 0x0000000713000000, 0x0000000713200000| Untracked 
| 153|0x0000000713200000, 0x0000000713400000, 0x0000000713400000|100%| O|  |TAMS 0x0000000713200000, 0x0000000713400000| Untracked 
| 154|0x0000000713400000, 0x0000000713600000, 0x0000000713600000|100%| O|  |TAMS 0x0000000713400000, 0x0000000713600000| Untracked 
| 155|0x0000000713600000, 0x0000000713800000, 0x0000000713800000|100%| O|  |TAMS 0x0000000713600000, 0x0000000713800000| Untracked 
| 156|0x0000000713800000, 0x0000000713a00000, 0x0000000713a00000|100%| O|  |TAMS 0x0000000713800000, 0x0000000713a00000| Untracked 
| 157|0x0000000713a00000, 0x0000000713c00000, 0x0000000713c00000|100%| O|  |TAMS 0x0000000713a00000, 0x0000000713c00000| Untracked 
| 158|0x0000000713c00000, 0x0000000713e00000, 0x0000000713e00000|100%| O|  |TAMS 0x0000000713c00000, 0x0000000713e00000| Untracked 
| 159|0x0000000713e00000, 0x0000000714000000, 0x0000000714000000|100%| O|  |TAMS 0x0000000713e00000, 0x0000000714000000| Untracked 
| 160|0x0000000714000000, 0x0000000714200000, 0x0000000714200000|100%| O|  |TAMS 0x0000000714000000, 0x0000000714200000| Untracked 
| 161|0x0000000714200000, 0x0000000714400000, 0x0000000714400000|100%| O|  |TAMS 0x0000000714200000, 0x0000000714400000| Untracked 
| 162|0x0000000714400000, 0x0000000714600000, 0x0000000714600000|100%| O|  |TAMS 0x0000000714400000, 0x0000000714600000| Untracked 
| 163|0x0000000714600000, 0x0000000714800000, 0x0000000714800000|100%| O|  |TAMS 0x0000000714600000, 0x0000000714800000| Untracked 
| 164|0x0000000714800000, 0x0000000714a00000, 0x0000000714a00000|100%| O|  |TAMS 0x0000000714800000, 0x0000000714a00000| Untracked 
| 165|0x0000000714a00000, 0x0000000714c00000, 0x0000000714c00000|100%| O|  |TAMS 0x0000000714a00000, 0x0000000714c00000| Untracked 
| 166|0x0000000714c00000, 0x0000000714e00000, 0x0000000714e00000|100%| O|  |TAMS 0x0000000714c00000, 0x0000000714e00000| Untracked 
| 167|0x0000000714e00000, 0x0000000715000000, 0x0000000715000000|100%| O|  |TAMS 0x0000000714e00000, 0x0000000715000000| Untracked 
| 168|0x0000000715000000, 0x0000000715200000, 0x0000000715200000|100%| O|  |TAMS 0x0000000715000000, 0x0000000715200000| Untracked 
| 169|0x0000000715200000, 0x0000000715400000, 0x0000000715400000|100%| O|  |TAMS 0x0000000715200000, 0x0000000715400000| Untracked 
| 170|0x0000000715400000, 0x0000000715600000, 0x0000000715600000|100%| O|  |TAMS 0x0000000715400000, 0x0000000715600000| Untracked 
| 171|0x0000000715600000, 0x0000000715800000, 0x0000000715800000|100%| O|  |TAMS 0x0000000715600000, 0x0000000715800000| Untracked 
| 172|0x0000000715800000, 0x0000000715a00000, 0x0000000715a00000|100%| O|  |TAMS 0x0000000715800000, 0x0000000715a00000| Untracked 
| 173|0x0000000715a00000, 0x0000000715c00000, 0x0000000715c00000|100%| O|  |TAMS 0x0000000715a00000, 0x0000000715c00000| Untracked 
| 174|0x0000000715c00000, 0x0000000715e00000, 0x0000000715e00000|100%| O|  |TAMS 0x0000000715c00000, 0x0000000715e00000| Untracked 
| 175|0x0000000715e00000, 0x0000000716000000, 0x0000000716000000|100%| O|  |TAMS 0x0000000715e00000, 0x0000000716000000| Untracked 
| 176|0x0000000716000000, 0x0000000716200000, 0x0000000716200000|100%| O|  |TAMS 0x0000000716000000, 0x0000000716200000| Untracked 
| 177|0x0000000716200000, 0x0000000716400000, 0x0000000716400000|100%| O|  |TAMS 0x0000000716200000, 0x0000000716400000| Untracked 
| 178|0x0000000716400000, 0x0000000716600000, 0x0000000716600000|100%| O|  |TAMS 0x0000000716400000, 0x0000000716600000| Untracked 
| 179|0x0000000716600000, 0x0000000716800000, 0x0000000716800000|100%| O|  |TAMS 0x0000000716600000, 0x0000000716800000| Untracked 
| 180|0x0000000716800000, 0x0000000716a00000, 0x0000000716a00000|100%| O|  |TAMS 0x0000000716800000, 0x0000000716a00000| Untracked 
| 181|0x0000000716a00000, 0x0000000716c00000, 0x0000000716c00000|100%| O|  |TAMS 0x0000000716a00000, 0x0000000716c00000| Untracked 
| 182|0x0000000716c00000, 0x0000000716e00000, 0x0000000716e00000|100%| O|  |TAMS 0x0000000716c00000, 0x0000000716e00000| Untracked 
| 183|0x0000000716e00000, 0x0000000717000000, 0x0000000717000000|100%| O|  |TAMS 0x0000000716e00000, 0x0000000717000000| Untracked 
| 184|0x0000000717000000, 0x0000000717200000, 0x0000000717200000|100%| O|  |TAMS 0x0000000717000000, 0x0000000717200000| Untracked 
| 185|0x0000000717200000, 0x0000000717400000, 0x0000000717400000|100%| O|  |TAMS 0x0000000717200000, 0x0000000717400000| Untracked 
| 186|0x0000000717400000, 0x0000000717600000, 0x0000000717600000|100%| O|  |TAMS 0x0000000717400000, 0x0000000717600000| Untracked 
| 187|0x0000000717600000, 0x0000000717800000, 0x0000000717800000|100%| O|  |TAMS 0x0000000717600000, 0x0000000717800000| Untracked 
| 188|0x0000000717800000, 0x0000000717a00000, 0x0000000717a00000|100%| O|  |TAMS 0x0000000717800000, 0x0000000717a00000| Untracked 
| 189|0x0000000717a00000, 0x0000000717c00000, 0x0000000717c00000|100%| O|  |TAMS 0x0000000717a00000, 0x0000000717c00000| Untracked 
| 190|0x0000000717c00000, 0x0000000717e00000, 0x0000000717e00000|100%| O|  |TAMS 0x0000000717c00000, 0x0000000717e00000| Untracked 
| 191|0x0000000717e00000, 0x0000000718000000, 0x0000000718000000|100%| O|  |TAMS 0x0000000717e00000, 0x0000000718000000| Untracked 
| 192|0x0000000718000000, 0x0000000718200000, 0x0000000718200000|100%| O|  |TAMS 0x0000000718000000, 0x0000000718200000| Untracked 
| 193|0x0000000718200000, 0x0000000718400000, 0x0000000718400000|100%| O|  |TAMS 0x0000000718200000, 0x0000000718400000| Untracked 
| 194|0x0000000718400000, 0x0000000718600000, 0x0000000718600000|100%| O|  |TAMS 0x0000000718400000, 0x0000000718600000| Untracked 
| 195|0x0000000718600000, 0x0000000718800000, 0x0000000718800000|100%| O|  |TAMS 0x0000000718600000, 0x0000000718800000| Untracked 
| 196|0x0000000718800000, 0x0000000718a00000, 0x0000000718a00000|100%| O|  |TAMS 0x0000000718800000, 0x0000000718a00000| Untracked 
| 197|0x0000000718a00000, 0x0000000718c00000, 0x0000000718c00000|100%| O|  |TAMS 0x0000000718a00000, 0x0000000718c00000| Untracked 
| 198|0x0000000718c00000, 0x0000000718e00000, 0x0000000718e00000|100%| O|  |TAMS 0x0000000718c00000, 0x0000000718e00000| Untracked 
| 199|0x0000000718e00000, 0x0000000719000000, 0x0000000719000000|100%| O|  |TAMS 0x0000000718e00000, 0x0000000719000000| Untracked 
| 200|0x0000000719000000, 0x0000000719200000, 0x0000000719200000|100%| O|  |TAMS 0x0000000719000000, 0x0000000719200000| Untracked 
| 201|0x0000000719200000, 0x0000000719400000, 0x0000000719400000|100%| O|  |TAMS 0x0000000719200000, 0x0000000719200000| Untracked 
| 202|0x0000000719400000, 0x0000000719600000, 0x0000000719600000|100%| O|  |TAMS 0x0000000719400000, 0x0000000719400000| Untracked 
| 203|0x0000000719600000, 0x0000000719800000, 0x0000000719800000|100%| O|  |TAMS 0x0000000719600000, 0x0000000719600000| Untracked 
| 204|0x0000000719800000, 0x0000000719a00000, 0x0000000719a00000|100%|HS|  |TAMS 0x0000000719800000, 0x0000000719a00000| Complete 
| 205|0x0000000719a00000, 0x0000000719c00000, 0x0000000719c00000|100%| O|  |TAMS 0x0000000719a00000, 0x0000000719a00000| Untracked 
| 206|0x0000000719c00000, 0x0000000719e00000, 0x0000000719e00000|100%| O|  |TAMS 0x0000000719c00000, 0x0000000719c00000| Untracked 
| 207|0x0000000719e00000, 0x000000071a000000, 0x000000071a000000|100%| O|  |TAMS 0x0000000719e00000, 0x0000000719e00000| Untracked 
| 208|0x000000071a000000, 0x000000071a200000, 0x000000071a200000|100%| O|  |TAMS 0x000000071a000000, 0x000000071a000000| Untracked 
| 209|0x000000071a200000, 0x000000071a400000, 0x000000071a400000|100%| O|  |TAMS 0x000000071a200000, 0x000000071a200000| Untracked 
| 210|0x000000071a400000, 0x000000071a600000, 0x000000071a600000|100%|HS|  |TAMS 0x000000071a400000, 0x000000071a400000| Complete 
| 211|0x000000071a600000, 0x000000071a800000, 0x000000071a800000|100%|HS|  |TAMS 0x000000071a600000, 0x000000071a600000| Complete 
| 212|0x000000071a800000, 0x000000071aa00000, 0x000000071aa00000|100%|HC|  |TAMS 0x000000071a800000, 0x000000071a800000| Complete 
| 213|0x000000071aa00000, 0x000000071ac00000, 0x000000071ac00000|100%|HS|  |TAMS 0x000000071aa00000, 0x000000071aa00000| Complete 
| 214|0x000000071ac00000, 0x000000071ae00000, 0x000000071ae00000|100%|HC|  |TAMS 0x000000071ac00000, 0x000000071ac00000| Complete 
| 215|0x000000071ae00000, 0x000000071b000000, 0x000000071b000000|100%|HC|  |TAMS 0x000000071ae00000, 0x000000071ae00000| Complete 
| 216|0x000000071b000000, 0x000000071b200000, 0x000000071b200000|100%| O|  |TAMS 0x000000071b000000, 0x000000071b000000| Untracked 
| 217|0x000000071b200000, 0x000000071b400000, 0x000000071b400000|100%| O|  |TAMS 0x000000071b200000, 0x000000071b400000| Untracked 
| 218|0x000000071b400000, 0x000000071b600000, 0x000000071b600000|100%| O|  |TAMS 0x000000071b400000, 0x000000071b600000| Untracked 
| 219|0x000000071b600000, 0x000000071b800000, 0x000000071b800000|100%| O|  |TAMS 0x000000071b600000, 0x000000071b800000| Untracked 
| 220|0x000000071b800000, 0x000000071ba00000, 0x000000071ba00000|100%| O|  |TAMS 0x000000071b800000, 0x000000071ba00000| Untracked 
| 221|0x000000071ba00000, 0x000000071bc00000, 0x000000071bc00000|100%| O|  |TAMS 0x000000071ba00000, 0x000000071bac0400| Untracked 
| 222|0x000000071bc00000, 0x000000071be00000, 0x000000071be00000|100%|HS|  |TAMS 0x000000071bc00000, 0x000000071bc00000| Complete 
| 223|0x000000071be00000, 0x000000071c000000, 0x000000071c000000|100%|HC|  |TAMS 0x000000071be00000, 0x000000071be00000| Complete 
| 224|0x000000071c000000, 0x000000071c200000, 0x000000071c200000|100%|HC|  |TAMS 0x000000071c000000, 0x000000071c000000| Complete 
| 225|0x000000071c200000, 0x000000071c400000, 0x000000071c400000|100%|HC|  |TAMS 0x000000071c200000, 0x000000071c200000| Complete 
| 226|0x000000071c400000, 0x000000071c600000, 0x000000071c600000|100%|HC|  |TAMS 0x000000071c400000, 0x000000071c400000| Complete 
| 227|0x000000071c600000, 0x000000071c800000, 0x000000071c800000|100%| O|  |TAMS 0x000000071c600000, 0x000000071c600000| Untracked 
| 228|0x000000071c800000, 0x000000071ca00000, 0x000000071ca00000|100%| O|  |TAMS 0x000000071c800000, 0x000000071c800000| Untracked 
| 229|0x000000071ca00000, 0x000000071cc00000, 0x000000071cc00000|100%| O|  |TAMS 0x000000071ca00000, 0x000000071ca00000| Untracked 
| 230|0x000000071cc00000, 0x000000071ce00000, 0x000000071ce00000|100%| O|  |TAMS 0x000000071cc00000, 0x000000071cc00000| Untracked 
| 231|0x000000071ce00000, 0x000000071d000000, 0x000000071d000000|100%| O|  |TAMS 0x000000071ce00000, 0x000000071ce00000| Untracked 
| 232|0x000000071d000000, 0x000000071d200000, 0x000000071d200000|100%|HS|  |TAMS 0x000000071d000000, 0x000000071d000000| Complete 
| 233|0x000000071d200000, 0x000000071d400000, 0x000000071d400000|100%|HS|  |TAMS 0x000000071d200000, 0x000000071d200000| Complete 
| 234|0x000000071d400000, 0x000000071d600000, 0x000000071d600000|100%|HC|  |TAMS 0x000000071d400000, 0x000000071d400000| Complete 
| 235|0x000000071d600000, 0x000000071d800000, 0x000000071d800000|100%|HC|  |TAMS 0x000000071d600000, 0x000000071d600000| Complete 
| 236|0x000000071d800000, 0x000000071da00000, 0x000000071da00000|100%|HC|  |TAMS 0x000000071d800000, 0x000000071d800000| Complete 
| 237|0x000000071da00000, 0x000000071dc00000, 0x000000071dc00000|100%|HC|  |TAMS 0x000000071da00000, 0x000000071da00000| Complete 
| 238|0x000000071dc00000, 0x000000071de00000, 0x000000071de00000|100%|HC|  |TAMS 0x000000071dc00000, 0x000000071dc00000| Complete 
| 239|0x000000071de00000, 0x000000071e000000, 0x000000071e000000|100%|HC|  |TAMS 0x000000071de00000, 0x000000071de00000| Complete 
| 240|0x000000071e000000, 0x000000071e200000, 0x000000071e200000|100%|HC|  |TAMS 0x000000071e000000, 0x000000071e000000| Complete 
| 241|0x000000071e200000, 0x000000071e400000, 0x000000071e400000|100%|HC|  |TAMS 0x000000071e200000, 0x000000071e200000| Complete 
| 242|0x000000071e400000, 0x000000071e600000, 0x000000071e600000|100%|HS|  |TAMS 0x000000071e400000, 0x000000071e400000| Complete 
| 243|0x000000071e600000, 0x000000071e800000, 0x000000071e800000|100%|HC|  |TAMS 0x000000071e600000, 0x000000071e600000| Complete 
| 244|0x000000071e800000, 0x000000071ea00000, 0x000000071ea00000|100%|HC|  |TAMS 0x000000071e800000, 0x000000071e800000| Complete 
| 245|0x000000071ea00000, 0x000000071ec00000, 0x000000071ec00000|100%|HC|  |TAMS 0x000000071ea00000, 0x000000071ea00000| Complete 
| 246|0x000000071ec00000, 0x000000071ee00000, 0x000000071ee00000|100%|HC|  |TAMS 0x000000071ec00000, 0x000000071ec00000| Complete 
| 247|0x000000071ee00000, 0x000000071f000000, 0x000000071f000000|100%|HC|  |TAMS 0x000000071ee00000, 0x000000071ee00000| Complete 
| 248|0x000000071f000000, 0x000000071f200000, 0x000000071f200000|100%|HC|  |TAMS 0x000000071f000000, 0x000000071f000000| Complete 
| 249|0x000000071f200000, 0x000000071f400000, 0x000000071f400000|100%|HC|  |TAMS 0x000000071f200000, 0x000000071f200000| Complete 
| 250|0x000000071f400000, 0x000000071f600000, 0x000000071f600000|100%|HC|  |TAMS 0x000000071f400000, 0x000000071f400000| Complete 
| 251|0x000000071f600000, 0x000000071f800000, 0x000000071f800000|100%|HC|  |TAMS 0x000000071f600000, 0x000000071f600000| Complete 
| 252|0x000000071f800000, 0x000000071fa00000, 0x000000071fa00000|100%|HC|  |TAMS 0x000000071f800000, 0x000000071f800000| Complete 
| 253|0x000000071fa00000, 0x000000071fc00000, 0x000000071fc00000|100%|HC|  |TAMS 0x000000071fa00000, 0x000000071fa00000| Complete 
| 254|0x000000071fc00000, 0x000000071fe00000, 0x000000071fe00000|100%|HC|  |TAMS 0x000000071fc00000, 0x000000071fc00000| Complete 
| 255|0x000000071fe00000, 0x0000000720000000, 0x0000000720000000|100%|HC|  |TAMS 0x000000071fe00000, 0x000000071fe00000| Complete 
| 256|0x0000000720000000, 0x0000000720200000, 0x0000000720200000|100%|HC|  |TAMS 0x0000000720000000, 0x0000000720000000| Complete 
| 257|0x0000000720200000, 0x0000000720400000, 0x0000000720400000|100%|HC|  |TAMS 0x0000000720200000, 0x0000000720200000| Complete 
| 258|0x0000000720400000, 0x0000000720600000, 0x0000000720600000|100%|HC|  |TAMS 0x0000000720400000, 0x0000000720400000| Complete 
| 259|0x0000000720600000, 0x0000000720800000, 0x0000000720800000|100%| O|  |TAMS 0x0000000720600000, 0x0000000720600000| Untracked 
| 260|0x0000000720800000, 0x0000000720a00000, 0x0000000720a00000|100%| O|  |TAMS 0x0000000720800000, 0x0000000720800000| Untracked 
| 261|0x0000000720a00000, 0x0000000720c00000, 0x0000000720c00000|100%|HS|  |TAMS 0x0000000720a00000, 0x0000000720a00000| Complete 
| 262|0x0000000720c00000, 0x0000000720e00000, 0x0000000720e00000|100%|HC|  |TAMS 0x0000000720c00000, 0x0000000720c00000| Complete 
| 263|0x0000000720e00000, 0x0000000721000000, 0x0000000721000000|100%|HC|  |TAMS 0x0000000720e00000, 0x0000000720e00000| Complete 
| 264|0x0000000721000000, 0x0000000721200000, 0x0000000721200000|100%|HC|  |TAMS 0x0000000721000000, 0x0000000721000000| Complete 
| 265|0x0000000721200000, 0x0000000721400000, 0x0000000721400000|100%|HC|  |TAMS 0x0000000721200000, 0x0000000721200000| Complete 
| 266|0x0000000721400000, 0x0000000721600000, 0x0000000721600000|100%|HC|  |TAMS 0x0000000721400000, 0x0000000721400000| Complete 
| 267|0x0000000721600000, 0x0000000721800000, 0x0000000721800000|100%|HC|  |TAMS 0x0000000721600000, 0x0000000721600000| Complete 
| 268|0x0000000721800000, 0x0000000721a00000, 0x0000000721a00000|100%|HC|  |TAMS 0x0000000721800000, 0x0000000721800000| Complete 
| 269|0x0000000721a00000, 0x0000000721c00000, 0x0000000721c00000|100%|HC|  |TAMS 0x0000000721a00000, 0x0000000721a00000| Complete 
| 270|0x0000000721c00000, 0x0000000721e00000, 0x0000000721e00000|100%|HS|  |TAMS 0x0000000721c00000, 0x0000000721c00000| Complete 
| 271|0x0000000721e00000, 0x0000000722000000, 0x0000000722000000|100%|HC|  |TAMS 0x0000000721e00000, 0x0000000721e00000| Complete 
| 272|0x0000000722000000, 0x0000000722200000, 0x0000000722200000|100%|HC|  |TAMS 0x0000000722000000, 0x0000000722000000| Complete 
| 273|0x0000000722200000, 0x0000000722400000, 0x0000000722400000|100%|HC|  |TAMS 0x0000000722200000, 0x0000000722200000| Complete 
| 274|0x0000000722400000, 0x0000000722600000, 0x0000000722600000|100%|HC|  |TAMS 0x0000000722400000, 0x0000000722400000| Complete 
| 275|0x0000000722600000, 0x0000000722800000, 0x0000000722800000|100%|HC|  |TAMS 0x0000000722600000, 0x0000000722600000| Complete 
| 276|0x0000000722800000, 0x0000000722a00000, 0x0000000722a00000|100%|HC|  |TAMS 0x0000000722800000, 0x0000000722800000| Complete 
| 277|0x0000000722a00000, 0x0000000722c00000, 0x0000000722c00000|100%|HC|  |TAMS 0x0000000722a00000, 0x0000000722a00000| Complete 
| 278|0x0000000722c00000, 0x0000000722e00000, 0x0000000722e00000|100%|HC|  |TAMS 0x0000000722c00000, 0x0000000722c00000| Complete 
| 279|0x0000000722e00000, 0x0000000723000000, 0x0000000723000000|100%| O|  |TAMS 0x0000000722e00000, 0x0000000722e00000| Untracked 
| 280|0x0000000723000000, 0x0000000723200000, 0x0000000723200000|100%| O|  |TAMS 0x0000000723000000, 0x0000000723000000| Untracked 
| 281|0x0000000723200000, 0x0000000723212800, 0x0000000723400000|  3%| O|  |TAMS 0x0000000723200000, 0x0000000723200000| Untracked 
| 282|0x0000000723400000, 0x0000000723600000, 0x0000000723600000|100%|HS|  |TAMS 0x0000000723400000, 0x0000000723400000| Complete 
| 283|0x0000000723600000, 0x0000000723800000, 0x0000000723800000|100%|HS|  |TAMS 0x0000000723600000, 0x0000000723600000| Complete 
| 284|0x0000000723800000, 0x0000000723a00000, 0x0000000723a00000|100%|HS|  |TAMS 0x0000000723800000, 0x0000000723800000| Complete 
| 285|0x0000000723a00000, 0x0000000723c00000, 0x0000000723c00000|100%|HC|  |TAMS 0x0000000723a00000, 0x0000000723a00000| Complete 
| 286|0x0000000723c00000, 0x0000000723e00000, 0x0000000723e00000|100%|HC|  |TAMS 0x0000000723c00000, 0x0000000723c00000| Complete 
| 287|0x0000000723e00000, 0x0000000724000000, 0x0000000724000000|100%|HC|  |TAMS 0x0000000723e00000, 0x0000000723e00000| Complete 
| 288|0x0000000724000000, 0x0000000724200000, 0x0000000724200000|100%|HC|  |TAMS 0x0000000724000000, 0x0000000724000000| Complete 
| 289|0x0000000724200000, 0x0000000724400000, 0x0000000724400000|100%|HC|  |TAMS 0x0000000724200000, 0x0000000724200000| Complete 
| 290|0x0000000724400000, 0x0000000724600000, 0x0000000724600000|100%|HS|  |TAMS 0x0000000724400000, 0x0000000724400000| Complete 
| 291|0x0000000724600000, 0x0000000724800000, 0x0000000724800000|100%|HC|  |TAMS 0x0000000724600000, 0x0000000724600000| Complete 
| 292|0x0000000724800000, 0x0000000724a00000, 0x0000000724a00000|100%|HC|  |TAMS 0x0000000724800000, 0x0000000724800000| Complete 
| 293|0x0000000724a00000, 0x0000000724c00000, 0x0000000724c00000|100%|HC|  |TAMS 0x0000000724a00000, 0x0000000724a00000| Complete 
| 294|0x0000000724c00000, 0x0000000724e00000, 0x0000000724e00000|100%|HS|  |TAMS 0x0000000724c00000, 0x0000000724c00000| Complete 
| 295|0x0000000724e00000, 0x0000000725000000, 0x0000000725000000|100%|HC|  |TAMS 0x0000000724e00000, 0x0000000724e00000| Complete 
| 296|0x0000000725000000, 0x0000000725200000, 0x0000000725200000|100%|HS|  |TAMS 0x0000000725000000, 0x0000000725000000| Complete 
| 297|0x0000000725200000, 0x0000000725400000, 0x0000000725400000|100%|HC|  |TAMS 0x0000000725200000, 0x0000000725200000| Complete 
| 298|0x0000000725400000, 0x0000000725600000, 0x0000000725600000|100%|HC|  |TAMS 0x0000000725400000, 0x0000000725400000| Complete 
| 299|0x0000000725600000, 0x0000000725800000, 0x0000000725800000|100%|HS|  |TAMS 0x0000000725600000, 0x0000000725600000| Complete 
| 300|0x0000000725800000, 0x0000000725a00000, 0x0000000725a00000|100%|HC|  |TAMS 0x0000000725800000, 0x0000000725800000| Complete 
| 301|0x0000000725a00000, 0x0000000725c00000, 0x0000000725c00000|100%|HS|  |TAMS 0x0000000725a00000, 0x0000000725a00000| Complete 
| 302|0x0000000725c00000, 0x0000000725e00000, 0x0000000725e00000|100%|HS|  |TAMS 0x0000000725c00000, 0x0000000725c00000| Complete 
| 303|0x0000000725e00000, 0x0000000726000000, 0x0000000726000000|100%|HC|  |TAMS 0x0000000725e00000, 0x0000000725e00000| Complete 
| 304|0x0000000726000000, 0x0000000726200000, 0x0000000726200000|100%|HC|  |TAMS 0x0000000726000000, 0x0000000726000000| Complete 
| 305|0x0000000726200000, 0x0000000726400000, 0x0000000726400000|100%|HC|  |TAMS 0x0000000726200000, 0x0000000726200000| Complete 
| 306|0x0000000726400000, 0x0000000726600000, 0x0000000726600000|100%|HS|  |TAMS 0x0000000726400000, 0x0000000726400000| Complete 
| 307|0x0000000726600000, 0x0000000726800000, 0x0000000726800000|100%|HC|  |TAMS 0x0000000726600000, 0x0000000726600000| Complete 
| 308|0x0000000726800000, 0x0000000726a00000, 0x0000000726a00000|100%|HS|  |TAMS 0x0000000726800000, 0x0000000726800000| Complete 
| 309|0x0000000726a00000, 0x0000000726c00000, 0x0000000726c00000|100%|HC|  |TAMS 0x0000000726a00000, 0x0000000726a00000| Complete 
| 310|0x0000000726c00000, 0x0000000726e00000, 0x0000000726e00000|100%|HC|  |TAMS 0x0000000726c00000, 0x0000000726c00000| Complete 
| 311|0x0000000726e00000, 0x0000000727000000, 0x0000000727000000|100%|HS|  |TAMS 0x0000000726e00000, 0x0000000726e00000| Complete 
| 312|0x0000000727000000, 0x0000000727200000, 0x0000000727200000|100%|HC|  |TAMS 0x0000000727000000, 0x0000000727000000| Complete 
| 313|0x0000000727200000, 0x0000000727400000, 0x0000000727400000|100%|HS|  |TAMS 0x0000000727200000, 0x0000000727200000| Complete 
| 314|0x0000000727400000, 0x0000000727600000, 0x0000000727600000|100%|HS|  |TAMS 0x0000000727400000, 0x0000000727400000| Complete 
| 315|0x0000000727600000, 0x0000000727800000, 0x0000000727800000|100%|HC|  |TAMS 0x0000000727600000, 0x0000000727600000| Complete 
| 316|0x0000000727800000, 0x0000000727a00000, 0x0000000727a00000|100%|HC|  |TAMS 0x0000000727800000, 0x0000000727800000| Complete 
| 317|0x0000000727a00000, 0x0000000727c00000, 0x0000000727c00000|100%|HC|  |TAMS 0x0000000727a00000, 0x0000000727a00000| Complete 
| 318|0x0000000727c00000, 0x0000000727e00000, 0x0000000727e00000|100%|HS|  |TAMS 0x0000000727c00000, 0x0000000727c00000| Complete 
| 319|0x0000000727e00000, 0x0000000728000000, 0x0000000728000000|100%|HC|  |TAMS 0x0000000727e00000, 0x0000000727e00000| Complete 
| 320|0x0000000728000000, 0x0000000728200000, 0x0000000728200000|100%|HS|  |TAMS 0x0000000728000000, 0x0000000728000000| Complete 
| 321|0x0000000728200000, 0x0000000728400000, 0x0000000728400000|100%|HC|  |TAMS 0x0000000728200000, 0x0000000728200000| Complete 
| 322|0x0000000728400000, 0x0000000728600000, 0x0000000728600000|100%|HC|  |TAMS 0x0000000728400000, 0x0000000728400000| Complete 
| 323|0x0000000728600000, 0x0000000728800000, 0x0000000728800000|100%|HS|  |TAMS 0x0000000728600000, 0x0000000728600000| Complete 
| 324|0x0000000728800000, 0x0000000728a00000, 0x0000000728a00000|100%|HC|  |TAMS 0x0000000728800000, 0x0000000728800000| Complete 
| 325|0x0000000728a00000, 0x0000000728c00000, 0x0000000728c00000|100%|HC|  |TAMS 0x0000000728a00000, 0x0000000728a00000| Complete 
| 326|0x0000000728c00000, 0x0000000728e00000, 0x0000000728e00000|100%|HC|  |TAMS 0x0000000728c00000, 0x0000000728c00000| Complete 
| 327|0x0000000728e00000, 0x0000000729000000, 0x0000000729000000|100%|HC|  |TAMS 0x0000000728e00000, 0x0000000728e00000| Complete 
| 328|0x0000000729000000, 0x0000000729200000, 0x0000000729200000|100%|HS|  |TAMS 0x0000000729000000, 0x0000000729000000| Complete 
| 329|0x0000000729200000, 0x0000000729400000, 0x0000000729400000|100%|HC|  |TAMS 0x0000000729200000, 0x0000000729200000| Complete 
| 330|0x0000000729400000, 0x0000000729600000, 0x0000000729600000|100%|HC|  |TAMS 0x0000000729400000, 0x0000000729400000| Complete 
| 331|0x0000000729600000, 0x0000000729800000, 0x0000000729800000|100%|HC|  |TAMS 0x0000000729600000, 0x0000000729600000| Complete 
| 332|0x0000000729800000, 0x0000000729a00000, 0x0000000729a00000|100%|HC|  |TAMS 0x0000000729800000, 0x0000000729800000| Complete 
| 333|0x0000000729a00000, 0x0000000729c00000, 0x0000000729c00000|100%|HC|  |TAMS 0x0000000729a00000, 0x0000000729a00000| Complete 
| 334|0x0000000729c00000, 0x0000000729e00000, 0x0000000729e00000|100%|HC|  |TAMS 0x0000000729c00000, 0x0000000729c00000| Complete 
| 335|0x0000000729e00000, 0x000000072a000000, 0x000000072a000000|100%|HC|  |TAMS 0x0000000729e00000, 0x0000000729e00000| Complete 
| 336|0x000000072a000000, 0x000000072a200000, 0x000000072a200000|100%|HC|  |TAMS 0x000000072a000000, 0x000000072a000000| Complete 
| 337|0x000000072a200000, 0x000000072a400000, 0x000000072a400000|100%|HS|  |TAMS 0x000000072a200000, 0x000000072a200000| Complete 
| 338|0x000000072a400000, 0x000000072a600000, 0x000000072a600000|100%|HC|  |TAMS 0x000000072a400000, 0x000000072a400000| Complete 
| 339|0x000000072a600000, 0x000000072a800000, 0x000000072a800000|100%|HC|  |TAMS 0x000000072a600000, 0x000000072a600000| Complete 
| 340|0x000000072a800000, 0x000000072aa00000, 0x000000072aa00000|100%|HS|  |TAMS 0x000000072a800000, 0x000000072a800000| Complete 
| 341|0x000000072aa00000, 0x000000072ac00000, 0x000000072ac00000|100%|HS|  |TAMS 0x000000072aa00000, 0x000000072aa00000| Complete 
| 342|0x000000072ac00000, 0x000000072ae00000, 0x000000072ae00000|100%|HC|  |TAMS 0x000000072ac00000, 0x000000072ac00000| Complete 
| 343|0x000000072ae00000, 0x000000072b000000, 0x000000072b000000|100%|HC|  |TAMS 0x000000072ae00000, 0x000000072ae00000| Complete 
| 344|0x000000072b000000, 0x000000072b200000, 0x000000072b200000|100%|HC|  |TAMS 0x000000072b000000, 0x000000072b000000| Complete 
| 345|0x000000072b200000, 0x000000072b400000, 0x000000072b400000|100%|HS|  |TAMS 0x000000072b200000, 0x000000072b200000| Complete 
| 346|0x000000072b400000, 0x000000072b600000, 0x000000072b600000|100%|HC|  |TAMS 0x000000072b400000, 0x000000072b400000| Complete 
| 347|0x000000072b600000, 0x000000072b800000, 0x000000072b800000|100%|HS|  |TAMS 0x000000072b600000, 0x000000072b600000| Complete 
| 348|0x000000072b800000, 0x000000072ba00000, 0x000000072ba00000|100%|HC|  |TAMS 0x000000072b800000, 0x000000072b800000| Complete 
| 349|0x000000072ba00000, 0x000000072bc00000, 0x000000072bc00000|100%|HC|  |TAMS 0x000000072ba00000, 0x000000072ba00000| Complete 
| 350|0x000000072bc00000, 0x000000072be00000, 0x000000072be00000|100%|HS|  |TAMS 0x000000072bc00000, 0x000000072bc00000| Complete 
| 351|0x000000072be00000, 0x000000072c000000, 0x000000072c000000|100%|HC|  |TAMS 0x000000072be00000, 0x000000072be00000| Complete 
| 352|0x000000072c000000, 0x000000072c200000, 0x000000072c200000|100%|HS|  |TAMS 0x000000072c000000, 0x000000072c000000| Complete 
| 353|0x000000072c200000, 0x000000072c400000, 0x000000072c400000|100%|HS|  |TAMS 0x000000072c200000, 0x000000072c200000| Complete 
| 354|0x000000072c400000, 0x000000072c600000, 0x000000072c600000|100%|HC|  |TAMS 0x000000072c400000, 0x000000072c400000| Complete 
| 355|0x000000072c600000, 0x000000072c800000, 0x000000072c800000|100%|HS|  |TAMS 0x000000072c600000, 0x000000072c600000| Complete 
| 356|0x000000072c800000, 0x000000072ca00000, 0x000000072ca00000|100%|HC|  |TAMS 0x000000072c800000, 0x000000072c800000| Complete 
| 357|0x000000072ca00000, 0x000000072cc00000, 0x000000072cc00000|100%|HC|  |TAMS 0x000000072ca00000, 0x000000072ca00000| Complete 
| 358|0x000000072cc00000, 0x000000072ce00000, 0x000000072ce00000|100%|HS|  |TAMS 0x000000072cc00000, 0x000000072cc00000| Complete 
| 359|0x000000072ce00000, 0x000000072d000000, 0x000000072d000000|100%|HC|  |TAMS 0x000000072ce00000, 0x000000072ce00000| Complete 
| 360|0x000000072d000000, 0x000000072d200000, 0x000000072d200000|100%|HS|  |TAMS 0x000000072d000000, 0x000000072d000000| Complete 
| 361|0x000000072d200000, 0x000000072d400000, 0x000000072d400000|100%|HS|  |TAMS 0x000000072d200000, 0x000000072d200000| Complete 
| 362|0x000000072d400000, 0x000000072d600000, 0x000000072d600000|100%|HS|  |TAMS 0x000000072d400000, 0x000000072d400000| Complete 
| 363|0x000000072d600000, 0x000000072d800000, 0x000000072d800000|100%|HC|  |TAMS 0x000000072d600000, 0x000000072d600000| Complete 
| 364|0x000000072d800000, 0x000000072da00000, 0x000000072da00000|100%|HS|  |TAMS 0x000000072d800000, 0x000000072d800000| Complete 
| 365|0x000000072da00000, 0x000000072dc00000, 0x000000072dc00000|100%|HC|  |TAMS 0x000000072da00000, 0x000000072da00000| Complete 
| 366|0x000000072dc00000, 0x000000072de00000, 0x000000072de00000|100%|HC|  |TAMS 0x000000072dc00000, 0x000000072dc00000| Complete 
| 367|0x000000072de00000, 0x000000072e000000, 0x000000072e000000|100%|HS|  |TAMS 0x000000072de00000, 0x000000072de00000| Complete 
| 368|0x000000072e000000, 0x000000072e200000, 0x000000072e200000|100%|HC|  |TAMS 0x000000072e000000, 0x000000072e000000| Complete 
| 369|0x000000072e200000, 0x000000072e400000, 0x000000072e400000|100%|HC|  |TAMS 0x000000072e200000, 0x000000072e200000| Complete 
| 370|0x000000072e400000, 0x000000072e600000, 0x000000072e600000|100%|HS|  |TAMS 0x000000072e400000, 0x000000072e400000| Complete 
| 371|0x000000072e600000, 0x000000072e800000, 0x000000072e800000|100%|HC|  |TAMS 0x000000072e600000, 0x000000072e600000| Complete 
| 372|0x000000072e800000, 0x000000072ea00000, 0x000000072ea00000|100%|HC|  |TAMS 0x000000072e800000, 0x000000072e800000| Complete 
| 373|0x000000072ea00000, 0x000000072ec00000, 0x000000072ec00000|100%|HC|  |TAMS 0x000000072ea00000, 0x000000072ea00000| Complete 
| 374|0x000000072ec00000, 0x000000072ee00000, 0x000000072ee00000|100%|HC|  |TAMS 0x000000072ec00000, 0x000000072ec00000| Complete 
| 375|0x000000072ee00000, 0x000000072ee00000, 0x000000072f000000|  0%| F|  |TAMS 0x000000072ee00000, 0x000000072ee00000| Untracked 
| 376|0x000000072f000000, 0x000000072f000000, 0x000000072f200000|  0%| F|  |TAMS 0x000000072f000000, 0x000000072f000000| Untracked 
| 377|0x000000072f200000, 0x000000072f400000, 0x000000072f400000|100%|HS|  |TAMS 0x000000072f200000, 0x000000072f200000| Complete 
| 378|0x000000072f400000, 0x000000072f600000, 0x000000072f600000|100%|HC|  |TAMS 0x000000072f400000, 0x000000072f400000| Complete 
| 379|0x000000072f600000, 0x000000072f800000, 0x000000072f800000|100%|HC|  |TAMS 0x000000072f600000, 0x000000072f600000| Complete 
| 380|0x000000072f800000, 0x000000072fa00000, 0x000000072fa00000|100%|HS|  |TAMS 0x000000072f800000, 0x000000072f800000| Complete 
| 381|0x000000072fa00000, 0x000000072fc00000, 0x000000072fc00000|100%|HC|  |TAMS 0x000000072fa00000, 0x000000072fa00000| Complete 
| 382|0x000000072fc00000, 0x000000072fe00000, 0x000000072fe00000|100%|HC|  |TAMS 0x000000072fc00000, 0x000000072fc00000| Complete 
| 383|0x000000072fe00000, 0x0000000730000000, 0x0000000730000000|100%|HC|  |TAMS 0x000000072fe00000, 0x000000072fe00000| Complete 
| 384|0x0000000730000000, 0x0000000730200000, 0x0000000730200000|100%|HC|  |TAMS 0x0000000730000000, 0x0000000730000000| Complete 
| 385|0x0000000730200000, 0x0000000730400000, 0x0000000730400000|100%|HC|  |TAMS 0x0000000730200000, 0x0000000730200000| Complete 
| 386|0x0000000730400000, 0x0000000730600000, 0x0000000730600000|100%|HC|  |TAMS 0x0000000730400000, 0x0000000730400000| Complete 
| 387|0x0000000730600000, 0x0000000730800000, 0x0000000730800000|100%|HC|  |TAMS 0x0000000730600000, 0x0000000730600000| Complete 
| 388|0x0000000730800000, 0x0000000730a00000, 0x0000000730a00000|100%|HC|  |TAMS 0x0000000730800000, 0x0000000730800000| Complete 
| 389|0x0000000730a00000, 0x0000000730a00000, 0x0000000730c00000|  0%| F|  |TAMS 0x0000000730a00000, 0x0000000730a00000| Untracked 
| 390|0x0000000730c00000, 0x0000000730c00000, 0x0000000730e00000|  0%| F|  |TAMS 0x0000000730c00000, 0x0000000730c00000| Untracked 
| 391|0x0000000730e00000, 0x0000000731000000, 0x0000000731000000|100%|HS|  |TAMS 0x0000000730e00000, 0x0000000730e00000| Complete 
| 392|0x0000000731000000, 0x0000000731200000, 0x0000000731200000|100%|HC|  |TAMS 0x0000000731000000, 0x0000000731000000| Complete 
| 393|0x0000000731200000, 0x0000000731400000, 0x0000000731400000|100%|HC|  |TAMS 0x0000000731200000, 0x0000000731200000| Complete 
| 394|0x0000000731400000, 0x0000000731400000, 0x0000000731600000|  0%| F|  |TAMS 0x0000000731400000, 0x0000000731400000| Untracked 
| 395|0x0000000731600000, 0x0000000731600000, 0x0000000731800000|  0%| F|  |TAMS 0x0000000731600000, 0x0000000731600000| Untracked 
| 396|0x0000000731800000, 0x00000007319a0f60, 0x0000000731a00000| 81%| S|CS|TAMS 0x0000000731800000, 0x0000000731800000| Complete 
| 397|0x0000000731a00000, 0x0000000731c00000, 0x0000000731c00000|100%| S|CS|TAMS 0x0000000731a00000, 0x0000000731a00000| Complete 
| 398|0x0000000731c00000, 0x0000000731e00000, 0x0000000731e00000|100%| S|CS|TAMS 0x0000000731c00000, 0x0000000731c00000| Complete 
| 399|0x0000000731e00000, 0x0000000732000000, 0x0000000732000000|100%| S|CS|TAMS 0x0000000731e00000, 0x0000000731e00000| Complete 
| 400|0x0000000732000000, 0x0000000732000000, 0x0000000732200000|  0%| F|  |TAMS 0x0000000732000000, 0x0000000732000000| Untracked 
| 401|0x0000000732200000, 0x0000000732200000, 0x0000000732400000|  0%| F|  |TAMS 0x0000000732200000, 0x0000000732200000| Untracked 
| 402|0x0000000732400000, 0x0000000732400000, 0x0000000732600000|  0%| F|  |TAMS 0x0000000732400000, 0x0000000732400000| Untracked 
| 403|0x0000000732600000, 0x0000000732600000, 0x0000000732800000|  0%| F|  |TAMS 0x0000000732600000, 0x0000000732600000| Untracked 
| 404|0x0000000732800000, 0x0000000732800000, 0x0000000732a00000|  0%| F|  |TAMS 0x0000000732800000, 0x0000000732800000| Untracked 
| 405|0x0000000732a00000, 0x0000000732c00000, 0x0000000732c00000|100%|HS|  |TAMS 0x0000000732a00000, 0x0000000732a00000| Complete 
| 406|0x0000000732c00000, 0x0000000732e00000, 0x0000000732e00000|100%|HC|  |TAMS 0x0000000732c00000, 0x0000000732c00000| Complete 
| 407|0x0000000732e00000, 0x0000000733000000, 0x0000000733000000|100%|HC|  |TAMS 0x0000000732e00000, 0x0000000732e00000| Complete 
| 408|0x0000000733000000, 0x0000000733200000, 0x0000000733200000|100%|HS|  |TAMS 0x0000000733000000, 0x0000000733000000| Complete 
| 409|0x0000000733200000, 0x0000000733400000, 0x0000000733400000|100%|HC|  |TAMS 0x0000000733200000, 0x0000000733200000| Complete 
| 410|0x0000000733400000, 0x0000000733600000, 0x0000000733600000|100%|HC|  |TAMS 0x0000000733400000, 0x0000000733400000| Complete 
| 411|0x0000000733600000, 0x0000000733800000, 0x0000000733800000|100%|HC|  |TAMS 0x0000000733600000, 0x0000000733600000| Complete 
| 412|0x0000000733800000, 0x0000000733a00000, 0x0000000733a00000|100%|HC|  |TAMS 0x0000000733800000, 0x0000000733800000| Complete 
| 413|0x0000000733a00000, 0x0000000733c00000, 0x0000000733c00000|100%|HC|  |TAMS 0x0000000733a00000, 0x0000000733a00000| Complete 
| 414|0x0000000733c00000, 0x0000000733e00000, 0x0000000733e00000|100%|HC|  |TAMS 0x0000000733c00000, 0x0000000733c00000| Complete 
| 415|0x0000000733e00000, 0x0000000734000000, 0x0000000734000000|100%|HC|  |TAMS 0x0000000733e00000, 0x0000000733e00000| Complete 
| 416|0x0000000734000000, 0x0000000734200000, 0x0000000734200000|100%|HC|  |TAMS 0x0000000734000000, 0x0000000734000000| Complete 
| 417|0x0000000734200000, 0x0000000734400000, 0x0000000734400000|100%|HC|  |TAMS 0x0000000734200000, 0x0000000734200000| Complete 
| 418|0x0000000734400000, 0x0000000734600000, 0x0000000734600000|100%|HC|  |TAMS 0x0000000734400000, 0x0000000734400000| Complete 
| 419|0x0000000734600000, 0x0000000734800000, 0x0000000734800000|100%|HC|  |TAMS 0x0000000734600000, 0x0000000734600000| Complete 
| 420|0x0000000734800000, 0x0000000734a00000, 0x0000000734a00000|100%|HC|  |TAMS 0x0000000734800000, 0x0000000734800000| Complete 
| 421|0x0000000734a00000, 0x0000000734c00000, 0x0000000734c00000|100%|HC|  |TAMS 0x0000000734a00000, 0x0000000734a00000| Complete 
| 422|0x0000000734c00000, 0x0000000734e00000, 0x0000000734e00000|100%|HC|  |TAMS 0x0000000734c00000, 0x0000000734c00000| Complete 
| 423|0x0000000734e00000, 0x0000000735000000, 0x0000000735000000|100%|HC|  |TAMS 0x0000000734e00000, 0x0000000734e00000| Complete 
| 424|0x0000000735000000, 0x0000000735200000, 0x0000000735200000|100%|HC|  |TAMS 0x0000000735000000, 0x0000000735000000| Complete 
| 425|0x0000000735200000, 0x0000000735200000, 0x0000000735400000|  0%| F|  |TAMS 0x0000000735200000, 0x0000000735200000| Untracked 
| 426|0x0000000735400000, 0x0000000735400000, 0x0000000735600000|  0%| F|  |TAMS 0x0000000735400000, 0x0000000735400000| Untracked 
| 427|0x0000000735600000, 0x0000000735600000, 0x0000000735800000|  0%| F|  |TAMS 0x0000000735600000, 0x0000000735600000| Untracked 
| 428|0x0000000735800000, 0x0000000735800000, 0x0000000735a00000|  0%| F|  |TAMS 0x0000000735800000, 0x0000000735800000| Untracked 
| 429|0x0000000735a00000, 0x0000000735a00000, 0x0000000735c00000|  0%| F|  |TAMS 0x0000000735a00000, 0x0000000735a00000| Untracked 
| 430|0x0000000735c00000, 0x0000000735cb0cc8, 0x0000000735e00000| 34%| E|  |TAMS 0x0000000735c00000, 0x0000000735c00000| Complete 
| 431|0x0000000735e00000, 0x0000000736000000, 0x0000000736000000|100%| E|  |TAMS 0x0000000735e00000, 0x0000000735e00000| Complete 
| 432|0x0000000736000000, 0x0000000736200000, 0x0000000736200000|100%| E|CS|TAMS 0x0000000736000000, 0x0000000736000000| Complete 
| 433|0x0000000736200000, 0x0000000736400000, 0x0000000736400000|100%| E|CS|TAMS 0x0000000736200000, 0x0000000736200000| Complete 
| 434|0x0000000736400000, 0x0000000736600000, 0x0000000736600000|100%| E|CS|TAMS 0x0000000736400000, 0x0000000736400000| Complete 
| 435|0x0000000736600000, 0x0000000736800000, 0x0000000736800000|100%| E|CS|TAMS 0x0000000736600000, 0x0000000736600000| Complete 
| 436|0x0000000736800000, 0x0000000736a00000, 0x0000000736a00000|100%| E|CS|TAMS 0x0000000736800000, 0x0000000736800000| Complete 
| 437|0x0000000736a00000, 0x0000000736c00000, 0x0000000736c00000|100%| E|CS|TAMS 0x0000000736a00000, 0x0000000736a00000| Complete 
| 438|0x0000000736c00000, 0x0000000736e00000, 0x0000000736e00000|100%| E|CS|TAMS 0x0000000736c00000, 0x0000000736c00000| Complete 
| 439|0x0000000736e00000, 0x0000000737000000, 0x0000000737000000|100%| E|CS|TAMS 0x0000000736e00000, 0x0000000736e00000| Complete 
| 440|0x0000000737000000, 0x0000000737200000, 0x0000000737200000|100%| E|CS|TAMS 0x0000000737000000, 0x0000000737000000| Complete 
| 441|0x0000000737200000, 0x0000000737400000, 0x0000000737400000|100%| E|CS|TAMS 0x0000000737200000, 0x0000000737200000| Complete 
| 442|0x0000000737400000, 0x0000000737600000, 0x0000000737600000|100%| E|CS|TAMS 0x0000000737400000, 0x0000000737400000| Complete 
| 443|0x0000000737600000, 0x0000000737800000, 0x0000000737800000|100%| E|CS|TAMS 0x0000000737600000, 0x0000000737600000| Complete 
| 444|0x0000000737800000, 0x0000000737a00000, 0x0000000737a00000|100%| E|CS|TAMS 0x0000000737800000, 0x0000000737800000| Complete 
| 445|0x0000000737a00000, 0x0000000737c00000, 0x0000000737c00000|100%| E|CS|TAMS 0x0000000737a00000, 0x0000000737a00000| Complete 
| 446|0x0000000737c00000, 0x0000000737e00000, 0x0000000737e00000|100%| E|CS|TAMS 0x0000000737c00000, 0x0000000737c00000| Complete 
| 447|0x0000000737e00000, 0x0000000738000000, 0x0000000738000000|100%|HS|  |TAMS 0x0000000737e00000, 0x0000000737e00000| Complete 
| 448|0x0000000738000000, 0x0000000738200000, 0x0000000738200000|100%|HC|  |TAMS 0x0000000738000000, 0x0000000738000000| Complete 
| 449|0x0000000738200000, 0x0000000738400000, 0x0000000738400000|100%|HC|  |TAMS 0x0000000738200000, 0x0000000738200000| Complete 
| 450|0x0000000738400000, 0x0000000738600000, 0x0000000738600000|100%|HC|  |TAMS 0x0000000738400000, 0x0000000738400000| Complete 
| 451|0x0000000738600000, 0x0000000738800000, 0x0000000738800000|100%|HC|  |TAMS 0x0000000738600000, 0x0000000738600000| Complete 
| 452|0x0000000738800000, 0x0000000738a00000, 0x0000000738a00000|100%|HC|  |TAMS 0x0000000738800000, 0x0000000738800000| Complete 
| 453|0x0000000738a00000, 0x0000000738c00000, 0x0000000738c00000|100%|HC|  |TAMS 0x0000000738a00000, 0x0000000738a00000| Complete 
| 454|0x0000000738c00000, 0x0000000738e00000, 0x0000000738e00000|100%|HC|  |TAMS 0x0000000738c00000, 0x0000000738c00000| Complete 
| 455|0x0000000738e00000, 0x0000000739000000, 0x0000000739000000|100%|HC|  |TAMS 0x0000000738e00000, 0x0000000738e00000| Complete 
| 456|0x0000000739000000, 0x0000000739200000, 0x0000000739200000|100%|HC|  |TAMS 0x0000000739000000, 0x0000000739000000| Complete 
| 457|0x0000000739200000, 0x0000000739400000, 0x0000000739400000|100%|HC|  |TAMS 0x0000000739200000, 0x0000000739200000| Complete 
| 458|0x0000000739400000, 0x0000000739600000, 0x0000000739600000|100%|HC|  |TAMS 0x0000000739400000, 0x0000000739400000| Complete 
| 459|0x0000000739600000, 0x0000000739800000, 0x0000000739800000|100%|HC|  |TAMS 0x0000000739600000, 0x0000000739600000| Complete 
| 460|0x0000000739800000, 0x0000000739a00000, 0x0000000739a00000|100%|HC|  |TAMS 0x0000000739800000, 0x0000000739800000| Complete 
| 461|0x0000000739a00000, 0x0000000739c00000, 0x0000000739c00000|100%|HC|  |TAMS 0x0000000739a00000, 0x0000000739a00000| Complete 
| 462|0x0000000739c00000, 0x0000000739e00000, 0x0000000739e00000|100%|HC|  |TAMS 0x0000000739c00000, 0x0000000739c00000| Complete 
| 463|0x0000000739e00000, 0x000000073a000000, 0x000000073a000000|100%|HC|  |TAMS 0x0000000739e00000, 0x0000000739e00000| Complete 
| 464|0x000000073a000000, 0x000000073a200000, 0x000000073a200000|100%|HC|  |TAMS 0x000000073a000000, 0x000000073a000000| Complete 
| 465|0x000000073a200000, 0x000000073a400000, 0x000000073a400000|100%|HC|  |TAMS 0x000000073a200000, 0x000000073a200000| Complete 
| 466|0x000000073a400000, 0x000000073a600000, 0x000000073a600000|100%|HC|  |TAMS 0x000000073a400000, 0x000000073a400000| Complete 
| 467|0x000000073a600000, 0x000000073a800000, 0x000000073a800000|100%|HC|  |TAMS 0x000000073a600000, 0x000000073a600000| Complete 
| 468|0x000000073a800000, 0x000000073aa00000, 0x000000073aa00000|100%|HC|  |TAMS 0x000000073a800000, 0x000000073a800000| Complete 
| 469|0x000000073aa00000, 0x000000073ac00000, 0x000000073ac00000|100%|HC|  |TAMS 0x000000073aa00000, 0x000000073aa00000| Complete 
| 470|0x000000073ac00000, 0x000000073ae00000, 0x000000073ae00000|100%|HC|  |TAMS 0x000000073ac00000, 0x000000073ac00000| Complete 
| 471|0x000000073ae00000, 0x000000073b000000, 0x000000073b000000|100%|HC|  |TAMS 0x000000073ae00000, 0x000000073ae00000| Complete 
| 472|0x000000073b000000, 0x000000073b200000, 0x000000073b200000|100%|HC|  |TAMS 0x000000073b000000, 0x000000073b000000| Complete 
| 473|0x000000073b200000, 0x000000073b400000, 0x000000073b400000|100%|HC|  |TAMS 0x000000073b200000, 0x000000073b200000| Complete 
| 474|0x000000073b400000, 0x000000073b600000, 0x000000073b600000|100%|HC|  |TAMS 0x000000073b400000, 0x000000073b400000| Complete 
| 475|0x000000073b600000, 0x000000073b800000, 0x000000073b800000|100%|HC|  |TAMS 0x000000073b600000, 0x000000073b600000| Complete 
| 476|0x000000073b800000, 0x000000073ba00000, 0x000000073ba00000|100%|HC|  |TAMS 0x000000073b800000, 0x000000073b800000| Complete 
| 477|0x000000073ba00000, 0x000000073bc00000, 0x000000073bc00000|100%|HC|  |TAMS 0x000000073ba00000, 0x000000073ba00000| Complete 
| 478|0x000000073bc00000, 0x000000073be00000, 0x000000073be00000|100%|HC|  |TAMS 0x000000073bc00000, 0x000000073bc00000| Complete 
| 479|0x000000073be00000, 0x000000073c000000, 0x000000073c000000|100%|HC|  |TAMS 0x000000073be00000, 0x000000073be00000| Complete 
| 480|0x000000073c000000, 0x000000073c200000, 0x000000073c200000|100%|HS|  |TAMS 0x000000073c000000, 0x000000073c000000| Complete 
| 481|0x000000073c200000, 0x000000073c400000, 0x000000073c400000|100%|HC|  |TAMS 0x000000073c200000, 0x000000073c200000| Complete 
| 482|0x000000073c400000, 0x000000073c600000, 0x000000073c600000|100%|HC|  |TAMS 0x000000073c400000, 0x000000073c400000| Complete 
| 483|0x000000073c600000, 0x000000073c800000, 0x000000073c800000|100%|HC|  |TAMS 0x000000073c600000, 0x000000073c600000| Complete 
| 484|0x000000073c800000, 0x000000073ca00000, 0x000000073ca00000|100%|HC|  |TAMS 0x000000073c800000, 0x000000073c800000| Complete 
| 485|0x000000073ca00000, 0x000000073cc00000, 0x000000073cc00000|100%|HC|  |TAMS 0x000000073ca00000, 0x000000073ca00000| Complete 
| 486|0x000000073cc00000, 0x000000073ce00000, 0x000000073ce00000|100%|HC|  |TAMS 0x000000073cc00000, 0x000000073cc00000| Complete 
| 487|0x000000073ce00000, 0x000000073d000000, 0x000000073d000000|100%|HC|  |TAMS 0x000000073ce00000, 0x000000073ce00000| Complete 
| 488|0x000000073d000000, 0x000000073d200000, 0x000000073d200000|100%|HC|  |TAMS 0x000000073d000000, 0x000000073d000000| Complete 
| 489|0x000000073d200000, 0x000000073d400000, 0x000000073d400000|100%|HC|  |TAMS 0x000000073d200000, 0x000000073d200000| Complete 
| 490|0x000000073d400000, 0x000000073d600000, 0x000000073d600000|100%|HC|  |TAMS 0x000000073d400000, 0x000000073d400000| Complete 
| 491|0x000000073d600000, 0x000000073d800000, 0x000000073d800000|100%|HC|  |TAMS 0x000000073d600000, 0x000000073d600000| Complete 
| 492|0x000000073d800000, 0x000000073da00000, 0x000000073da00000|100%|HC|  |TAMS 0x000000073d800000, 0x000000073d800000| Complete 
| 493|0x000000073da00000, 0x000000073dc00000, 0x000000073dc00000|100%|HC|  |TAMS 0x000000073da00000, 0x000000073da00000| Complete 
| 494|0x000000073dc00000, 0x000000073de00000, 0x000000073de00000|100%|HC|  |TAMS 0x000000073dc00000, 0x000000073dc00000| Complete 
| 495|0x000000073de00000, 0x000000073e000000, 0x000000073e000000|100%|HC|  |TAMS 0x000000073de00000, 0x000000073de00000| Complete 
| 496|0x000000073e000000, 0x000000073e200000, 0x000000073e200000|100%|HC|  |TAMS 0x000000073e000000, 0x000000073e000000| Complete 
| 497|0x000000073e200000, 0x000000073e400000, 0x000000073e400000|100%|HC|  |TAMS 0x000000073e200000, 0x000000073e200000| Complete 
| 498|0x000000073e400000, 0x000000073e600000, 0x000000073e600000|100%|HC|  |TAMS 0x000000073e400000, 0x000000073e400000| Complete 
| 499|0x000000073e600000, 0x000000073e800000, 0x000000073e800000|100%|HC|  |TAMS 0x000000073e600000, 0x000000073e600000| Complete 
| 500|0x000000073e800000, 0x000000073ea00000, 0x000000073ea00000|100%|HC|  |TAMS 0x000000073e800000, 0x000000073e800000| Complete 
| 501|0x000000073ea00000, 0x000000073ec00000, 0x000000073ec00000|100%|HC|  |TAMS 0x000000073ea00000, 0x000000073ea00000| Complete 
| 502|0x000000073ec00000, 0x000000073ee00000, 0x000000073ee00000|100%|HC|  |TAMS 0x000000073ec00000, 0x000000073ec00000| Complete 
| 503|0x000000073ee00000, 0x000000073f000000, 0x000000073f000000|100%|HC|  |TAMS 0x000000073ee00000, 0x000000073ee00000| Complete 
| 504|0x000000073f000000, 0x000000073f200000, 0x000000073f200000|100%|HC|  |TAMS 0x000000073f000000, 0x000000073f000000| Complete 
| 505|0x000000073f200000, 0x000000073f400000, 0x000000073f400000|100%|HC|  |TAMS 0x000000073f200000, 0x000000073f200000| Complete 
| 506|0x000000073f400000, 0x000000073f600000, 0x000000073f600000|100%|HC|  |TAMS 0x000000073f400000, 0x000000073f400000| Complete 
| 507|0x000000073f600000, 0x000000073f800000, 0x000000073f800000|100%|HC|  |TAMS 0x000000073f600000, 0x000000073f600000| Complete 
| 508|0x000000073f800000, 0x000000073fa00000, 0x000000073fa00000|100%|HC|  |TAMS 0x000000073f800000, 0x000000073f800000| Complete 
| 509|0x000000073fa00000, 0x000000073fc00000, 0x000000073fc00000|100%|HC|  |TAMS 0x000000073fa00000, 0x000000073fa00000| Complete 
| 510|0x000000073fc00000, 0x000000073fe00000, 0x000000073fe00000|100%|HC|  |TAMS 0x000000073fc00000, 0x000000073fc00000| Complete 
| 511|0x000000073fe00000, 0x0000000740000000, 0x0000000740000000|100%|HC|  |TAMS 0x000000073fe00000, 0x000000073fe00000| Complete 
| 512|0x0000000740000000, 0x0000000740200000, 0x0000000740200000|100%|HC|  |TAMS 0x0000000740000000, 0x0000000740000000| Complete 
| 513|0x0000000740200000, 0x0000000740400000, 0x0000000740400000|100%|HC|  |TAMS 0x0000000740200000, 0x0000000740200000| Complete 
| 514|0x0000000740400000, 0x0000000740600000, 0x0000000740600000|100%|HC|  |TAMS 0x0000000740400000, 0x0000000740400000| Complete 
| 515|0x0000000740600000, 0x0000000740800000, 0x0000000740800000|100%|HC|  |TAMS 0x0000000740600000, 0x0000000740600000| Complete 
| 516|0x0000000740800000, 0x0000000740a00000, 0x0000000740a00000|100%|HC|  |TAMS 0x0000000740800000, 0x0000000740800000| Complete 
| 517|0x0000000740a00000, 0x0000000740c00000, 0x0000000740c00000|100%|HC|  |TAMS 0x0000000740a00000, 0x0000000740a00000| Complete 
| 518|0x0000000740c00000, 0x0000000740e00000, 0x0000000740e00000|100%|HC|  |TAMS 0x0000000740c00000, 0x0000000740c00000| Complete 
| 519|0x0000000740e00000, 0x0000000741000000, 0x0000000741000000|100%|HC|  |TAMS 0x0000000740e00000, 0x0000000740e00000| Complete 
| 520|0x0000000741000000, 0x0000000741200000, 0x0000000741200000|100%|HC|  |TAMS 0x0000000741000000, 0x0000000741000000| Complete 
| 521|0x0000000741200000, 0x0000000741400000, 0x0000000741400000|100%|HC|  |TAMS 0x0000000741200000, 0x0000000741200000| Complete 
| 522|0x0000000741400000, 0x0000000741600000, 0x0000000741600000|100%|HC|  |TAMS 0x0000000741400000, 0x0000000741400000| Complete 
| 523|0x0000000741600000, 0x0000000741800000, 0x0000000741800000|100%|HC|  |TAMS 0x0000000741600000, 0x0000000741600000| Complete 
| 524|0x0000000741800000, 0x0000000741a00000, 0x0000000741a00000|100%|HC|  |TAMS 0x0000000741800000, 0x0000000741800000| Complete 
| 525|0x0000000741a00000, 0x0000000741c00000, 0x0000000741c00000|100%|HC|  |TAMS 0x0000000741a00000, 0x0000000741a00000| Complete 
| 526|0x0000000741c00000, 0x0000000741e00000, 0x0000000741e00000|100%|HC|  |TAMS 0x0000000741c00000, 0x0000000741c00000| Complete 
| 527|0x0000000741e00000, 0x0000000742000000, 0x0000000742000000|100%|HC|  |TAMS 0x0000000741e00000, 0x0000000741e00000| Complete 
| 528|0x0000000742000000, 0x0000000742200000, 0x0000000742200000|100%|HC|  |TAMS 0x0000000742000000, 0x0000000742000000| Complete 
| 529|0x0000000742200000, 0x0000000742400000, 0x0000000742400000|100%|HC|  |TAMS 0x0000000742200000, 0x0000000742200000| Complete 
| 530|0x0000000742400000, 0x0000000742600000, 0x0000000742600000|100%|HC|  |TAMS 0x0000000742400000, 0x0000000742400000| Complete 
| 531|0x0000000742600000, 0x0000000742800000, 0x0000000742800000|100%|HC|  |TAMS 0x0000000742600000, 0x0000000742600000| Complete 
| 532|0x0000000742800000, 0x0000000742a00000, 0x0000000742a00000|100%|HC|  |TAMS 0x0000000742800000, 0x0000000742800000| Complete 
| 533|0x0000000742a00000, 0x0000000742c00000, 0x0000000742c00000|100%|HC|  |TAMS 0x0000000742a00000, 0x0000000742a00000| Complete 
| 534|0x0000000742c00000, 0x0000000742e00000, 0x0000000742e00000|100%|HC|  |TAMS 0x0000000742c00000, 0x0000000742c00000| Complete 
| 535|0x0000000742e00000, 0x0000000743000000, 0x0000000743000000|100%|HC|  |TAMS 0x0000000742e00000, 0x0000000742e00000| Complete 
| 536|0x0000000743000000, 0x0000000743200000, 0x0000000743200000|100%|HC|  |TAMS 0x0000000743000000, 0x0000000743000000| Complete 
| 537|0x0000000743200000, 0x0000000743400000, 0x0000000743400000|100%|HC|  |TAMS 0x0000000743200000, 0x0000000743200000| Complete 
| 538|0x0000000743400000, 0x0000000743600000, 0x0000000743600000|100%|HC|  |TAMS 0x0000000743400000, 0x0000000743400000| Complete 
| 539|0x0000000743600000, 0x0000000743800000, 0x0000000743800000|100%|HC|  |TAMS 0x0000000743600000, 0x0000000743600000| Complete 
| 540|0x0000000743800000, 0x0000000743a00000, 0x0000000743a00000|100%|HC|  |TAMS 0x0000000743800000, 0x0000000743800000| Complete 
| 541|0x0000000743a00000, 0x0000000743c00000, 0x0000000743c00000|100%|HC|  |TAMS 0x0000000743a00000, 0x0000000743a00000| Complete 
| 542|0x0000000743c00000, 0x0000000743e00000, 0x0000000743e00000|100%|HC|  |TAMS 0x0000000743c00000, 0x0000000743c00000| Complete 
| 543|0x0000000743e00000, 0x0000000744000000, 0x0000000744000000|100%|HC|  |TAMS 0x0000000743e00000, 0x0000000743e00000| Complete 
| 544|0x0000000744000000, 0x0000000744200000, 0x0000000744200000|100%|HC|  |TAMS 0x0000000744000000, 0x0000000744000000| Complete 
| 545|0x0000000744200000, 0x0000000744400000, 0x0000000744400000|100%|HS|  |TAMS 0x0000000744200000, 0x0000000744200000| Complete 
| 546|0x0000000744400000, 0x0000000744600000, 0x0000000744600000|100%|HC|  |TAMS 0x0000000744400000, 0x0000000744400000| Complete 
| 547|0x0000000744600000, 0x0000000744800000, 0x0000000744800000|100%|HC|  |TAMS 0x0000000744600000, 0x0000000744600000| Complete 
| 548|0x0000000744800000, 0x0000000744a00000, 0x0000000744a00000|100%|HC|  |TAMS 0x0000000744800000, 0x0000000744800000| Complete 
| 549|0x0000000744a00000, 0x0000000744c00000, 0x0000000744c00000|100%|HC|  |TAMS 0x0000000744a00000, 0x0000000744a00000| Complete 
| 550|0x0000000744c00000, 0x0000000744e00000, 0x0000000744e00000|100%|HC|  |TAMS 0x0000000744c00000, 0x0000000744c00000| Complete 
| 551|0x0000000744e00000, 0x0000000745000000, 0x0000000745000000|100%|HC|  |TAMS 0x0000000744e00000, 0x0000000744e00000| Complete 
| 552|0x0000000745000000, 0x0000000745200000, 0x0000000745200000|100%|HC|  |TAMS 0x0000000745000000, 0x0000000745000000| Complete 
| 553|0x0000000745200000, 0x0000000745400000, 0x0000000745400000|100%|HC|  |TAMS 0x0000000745200000, 0x0000000745200000| Complete 
| 554|0x0000000745400000, 0x0000000745600000, 0x0000000745600000|100%|HC|  |TAMS 0x0000000745400000, 0x0000000745400000| Complete 
| 555|0x0000000745600000, 0x0000000745800000, 0x0000000745800000|100%|HC|  |TAMS 0x0000000745600000, 0x0000000745600000| Complete 
| 556|0x0000000745800000, 0x0000000745a00000, 0x0000000745a00000|100%|HC|  |TAMS 0x0000000745800000, 0x0000000745800000| Complete 
| 557|0x0000000745a00000, 0x0000000745c00000, 0x0000000745c00000|100%|HC|  |TAMS 0x0000000745a00000, 0x0000000745a00000| Complete 
| 558|0x0000000745c00000, 0x0000000745e00000, 0x0000000745e00000|100%|HC|  |TAMS 0x0000000745c00000, 0x0000000745c00000| Complete 
| 559|0x0000000745e00000, 0x0000000746000000, 0x0000000746000000|100%|HC|  |TAMS 0x0000000745e00000, 0x0000000745e00000| Complete 
| 560|0x0000000746000000, 0x0000000746200000, 0x0000000746200000|100%|HC|  |TAMS 0x0000000746000000, 0x0000000746000000| Complete 
| 561|0x0000000746200000, 0x0000000746400000, 0x0000000746400000|100%|HC|  |TAMS 0x0000000746200000, 0x0000000746200000| Complete 
| 562|0x0000000746400000, 0x0000000746600000, 0x0000000746600000|100%|HC|  |TAMS 0x0000000746400000, 0x0000000746400000| Complete 
| 563|0x0000000746600000, 0x0000000746800000, 0x0000000746800000|100%|HC|  |TAMS 0x0000000746600000, 0x0000000746600000| Complete 
| 564|0x0000000746800000, 0x0000000746a00000, 0x0000000746a00000|100%|HC|  |TAMS 0x0000000746800000, 0x0000000746800000| Complete 
| 565|0x0000000746a00000, 0x0000000746c00000, 0x0000000746c00000|100%|HC|  |TAMS 0x0000000746a00000, 0x0000000746a00000| Complete 
| 566|0x0000000746c00000, 0x0000000746e00000, 0x0000000746e00000|100%|HC|  |TAMS 0x0000000746c00000, 0x0000000746c00000| Complete 
| 567|0x0000000746e00000, 0x0000000747000000, 0x0000000747000000|100%|HC|  |TAMS 0x0000000746e00000, 0x0000000746e00000| Complete 
| 568|0x0000000747000000, 0x0000000747200000, 0x0000000747200000|100%|HC|  |TAMS 0x0000000747000000, 0x0000000747000000| Complete 
| 569|0x0000000747200000, 0x0000000747400000, 0x0000000747400000|100%|HC|  |TAMS 0x0000000747200000, 0x0000000747200000| Complete 
| 570|0x0000000747400000, 0x0000000747600000, 0x0000000747600000|100%|HC|  |TAMS 0x0000000747400000, 0x0000000747400000| Complete 
| 571|0x0000000747600000, 0x0000000747800000, 0x0000000747800000|100%|HC|  |TAMS 0x0000000747600000, 0x0000000747600000| Complete 
| 572|0x0000000747800000, 0x0000000747a00000, 0x0000000747a00000|100%|HC|  |TAMS 0x0000000747800000, 0x0000000747800000| Complete 
| 573|0x0000000747a00000, 0x0000000747c00000, 0x0000000747c00000|100%|HC|  |TAMS 0x0000000747a00000, 0x0000000747a00000| Complete 
| 574|0x0000000747c00000, 0x0000000747e00000, 0x0000000747e00000|100%|HC|  |TAMS 0x0000000747c00000, 0x0000000747c00000| Complete 
| 575|0x0000000747e00000, 0x0000000748000000, 0x0000000748000000|100%|HC|  |TAMS 0x0000000747e00000, 0x0000000747e00000| Complete 
| 576|0x0000000748000000, 0x0000000748200000, 0x0000000748200000|100%|HC|  |TAMS 0x0000000748000000, 0x0000000748000000| Complete 
| 577|0x0000000748200000, 0x0000000748400000, 0x0000000748400000|100%|HC|  |TAMS 0x0000000748200000, 0x0000000748200000| Complete 
| 578|0x0000000748400000, 0x0000000748600000, 0x0000000748600000|100%|HC|  |TAMS 0x0000000748400000, 0x0000000748400000| Complete 
| 579|0x0000000748600000, 0x0000000748800000, 0x0000000748800000|100%|HC|  |TAMS 0x0000000748600000, 0x0000000748600000| Complete 
| 580|0x0000000748800000, 0x0000000748a00000, 0x0000000748a00000|100%|HC|  |TAMS 0x0000000748800000, 0x0000000748800000| Complete 
| 581|0x0000000748a00000, 0x0000000748c00000, 0x0000000748c00000|100%|HC|  |TAMS 0x0000000748a00000, 0x0000000748a00000| Complete 
| 582|0x0000000748c00000, 0x0000000748e00000, 0x0000000748e00000|100%|HC|  |TAMS 0x0000000748c00000, 0x0000000748c00000| Complete 
| 583|0x0000000748e00000, 0x0000000749000000, 0x0000000749000000|100%|HC|  |TAMS 0x0000000748e00000, 0x0000000748e00000| Complete 
| 584|0x0000000749000000, 0x0000000749200000, 0x0000000749200000|100%|HC|  |TAMS 0x0000000749000000, 0x0000000749000000| Complete 
| 585|0x0000000749200000, 0x0000000749400000, 0x0000000749400000|100%|HC|  |TAMS 0x0000000749200000, 0x0000000749200000| Complete 
| 586|0x0000000749400000, 0x0000000749600000, 0x0000000749600000|100%|HC|  |TAMS 0x0000000749400000, 0x0000000749400000| Complete 
| 587|0x0000000749600000, 0x0000000749800000, 0x0000000749800000|100%|HC|  |TAMS 0x0000000749600000, 0x0000000749600000| Complete 
| 588|0x0000000749800000, 0x0000000749a00000, 0x0000000749a00000|100%|HC|  |TAMS 0x0000000749800000, 0x0000000749800000| Complete 
| 589|0x0000000749a00000, 0x0000000749c00000, 0x0000000749c00000|100%|HC|  |TAMS 0x0000000749a00000, 0x0000000749a00000| Complete 
| 590|0x0000000749c00000, 0x0000000749e00000, 0x0000000749e00000|100%|HC|  |TAMS 0x0000000749c00000, 0x0000000749c00000| Complete 
| 591|0x0000000749e00000, 0x000000074a000000, 0x000000074a000000|100%|HC|  |TAMS 0x0000000749e00000, 0x0000000749e00000| Complete 
| 592|0x000000074a000000, 0x000000074a200000, 0x000000074a200000|100%|HC|  |TAMS 0x000000074a000000, 0x000000074a000000| Complete 
| 593|0x000000074a200000, 0x000000074a400000, 0x000000074a400000|100%|HC|  |TAMS 0x000000074a200000, 0x000000074a200000| Complete 
| 594|0x000000074a400000, 0x000000074a600000, 0x000000074a600000|100%|HC|  |TAMS 0x000000074a400000, 0x000000074a400000| Complete 
| 595|0x000000074a600000, 0x000000074a800000, 0x000000074a800000|100%|HC|  |TAMS 0x000000074a600000, 0x000000074a600000| Complete 
| 596|0x000000074a800000, 0x000000074aa00000, 0x000000074aa00000|100%|HC|  |TAMS 0x000000074a800000, 0x000000074a800000| Complete 
| 597|0x000000074aa00000, 0x000000074ac00000, 0x000000074ac00000|100%|HC|  |TAMS 0x000000074aa00000, 0x000000074aa00000| Complete 
| 598|0x000000074ac00000, 0x000000074ae00000, 0x000000074ae00000|100%|HC|  |TAMS 0x000000074ac00000, 0x000000074ac00000| Complete 
| 599|0x000000074ae00000, 0x000000074b000000, 0x000000074b000000|100%|HC|  |TAMS 0x000000074ae00000, 0x000000074ae00000| Complete 
| 600|0x000000074b000000, 0x000000074b200000, 0x000000074b200000|100%|HC|  |TAMS 0x000000074b000000, 0x000000074b000000| Complete 
| 601|0x000000074b200000, 0x000000074b400000, 0x000000074b400000|100%|HC|  |TAMS 0x000000074b200000, 0x000000074b200000| Complete 
| 602|0x000000074b400000, 0x000000074b600000, 0x000000074b600000|100%|HC|  |TAMS 0x000000074b400000, 0x000000074b400000| Complete 
| 603|0x000000074b600000, 0x000000074b800000, 0x000000074b800000|100%|HC|  |TAMS 0x000000074b600000, 0x000000074b600000| Complete 
| 604|0x000000074b800000, 0x000000074ba00000, 0x000000074ba00000|100%|HC|  |TAMS 0x000000074b800000, 0x000000074b800000| Complete 
| 605|0x000000074ba00000, 0x000000074bc00000, 0x000000074bc00000|100%|HC|  |TAMS 0x000000074ba00000, 0x000000074ba00000| Complete 
| 606|0x000000074bc00000, 0x000000074be00000, 0x000000074be00000|100%|HC|  |TAMS 0x000000074bc00000, 0x000000074bc00000| Complete 
| 607|0x000000074be00000, 0x000000074c000000, 0x000000074c000000|100%|HC|  |TAMS 0x000000074be00000, 0x000000074be00000| Complete 
| 608|0x000000074c000000, 0x000000074c200000, 0x000000074c200000|100%|HC|  |TAMS 0x000000074c000000, 0x000000074c000000| Complete 
| 609|0x000000074c200000, 0x000000074c400000, 0x000000074c400000|100%|HC|  |TAMS 0x000000074c200000, 0x000000074c200000| Complete 
| 610|0x000000074c400000, 0x000000074c600000, 0x000000074c600000|100%|HC|  |TAMS 0x000000074c400000, 0x000000074c400000| Complete 
| 611|0x000000074c600000, 0x000000074c800000, 0x000000074c800000|100%|HC|  |TAMS 0x000000074c600000, 0x000000074c600000| Complete 
| 612|0x000000074c800000, 0x000000074ca00000, 0x000000074ca00000|100%|HC|  |TAMS 0x000000074c800000, 0x000000074c800000| Complete 
| 613|0x000000074ca00000, 0x000000074cc00000, 0x000000074cc00000|100%|HC|  |TAMS 0x000000074ca00000, 0x000000074ca00000| Complete 
| 614|0x000000074cc00000, 0x000000074ce00000, 0x000000074ce00000|100%|HC|  |TAMS 0x000000074cc00000, 0x000000074cc00000| Complete 
| 615|0x000000074ce00000, 0x000000074d000000, 0x000000074d000000|100%|HC|  |TAMS 0x000000074ce00000, 0x000000074ce00000| Complete 
| 616|0x000000074d000000, 0x000000074d200000, 0x000000074d200000|100%|HC|  |TAMS 0x000000074d000000, 0x000000074d000000| Complete 
| 617|0x000000074d200000, 0x000000074d400000, 0x000000074d400000|100%|HC|  |TAMS 0x000000074d200000, 0x000000074d200000| Complete 
| 618|0x000000074d400000, 0x000000074d600000, 0x000000074d600000|100%|HC|  |TAMS 0x000000074d400000, 0x000000074d400000| Complete 
| 619|0x000000074d600000, 0x000000074d800000, 0x000000074d800000|100%|HC|  |TAMS 0x000000074d600000, 0x000000074d600000| Complete 
| 620|0x000000074d800000, 0x000000074da00000, 0x000000074da00000|100%|HC|  |TAMS 0x000000074d800000, 0x000000074d800000| Complete 
| 621|0x000000074da00000, 0x000000074dc00000, 0x000000074dc00000|100%|HC|  |TAMS 0x000000074da00000, 0x000000074da00000| Complete 
| 622|0x000000074dc00000, 0x000000074de00000, 0x000000074de00000|100%|HC|  |TAMS 0x000000074dc00000, 0x000000074dc00000| Complete 
| 623|0x000000074de00000, 0x000000074e000000, 0x000000074e000000|100%|HC|  |TAMS 0x000000074de00000, 0x000000074de00000| Complete 
| 624|0x000000074e000000, 0x000000074e200000, 0x000000074e200000|100%|HC|  |TAMS 0x000000074e000000, 0x000000074e000000| Complete 
| 625|0x000000074e200000, 0x000000074e400000, 0x000000074e400000|100%|HC|  |TAMS 0x000000074e200000, 0x000000074e200000| Complete 
| 626|0x000000074e400000, 0x000000074e600000, 0x000000074e600000|100%|HC|  |TAMS 0x000000074e400000, 0x000000074e400000| Complete 
| 627|0x000000074e600000, 0x000000074e800000, 0x000000074e800000|100%|HC|  |TAMS 0x000000074e600000, 0x000000074e600000| Complete 
| 628|0x000000074e800000, 0x000000074ea00000, 0x000000074ea00000|100%|HC|  |TAMS 0x000000074e800000, 0x000000074e800000| Complete 
| 629|0x000000074ea00000, 0x000000074ec00000, 0x000000074ec00000|100%|HC|  |TAMS 0x000000074ea00000, 0x000000074ea00000| Complete 
| 630|0x000000074ec00000, 0x000000074ee00000, 0x000000074ee00000|100%|HC|  |TAMS 0x000000074ec00000, 0x000000074ec00000| Complete 
| 631|0x000000074ee00000, 0x000000074f000000, 0x000000074f000000|100%|HC|  |TAMS 0x000000074ee00000, 0x000000074ee00000| Complete 
| 632|0x000000074f000000, 0x000000074f200000, 0x000000074f200000|100%|HC|  |TAMS 0x000000074f000000, 0x000000074f000000| Complete 
| 633|0x000000074f200000, 0x000000074f400000, 0x000000074f400000|100%|HC|  |TAMS 0x000000074f200000, 0x000000074f200000| Complete 
| 634|0x000000074f400000, 0x000000074f600000, 0x000000074f600000|100%|HC|  |TAMS 0x000000074f400000, 0x000000074f400000| Complete 
| 635|0x000000074f600000, 0x000000074f800000, 0x000000074f800000|100%|HC|  |TAMS 0x000000074f600000, 0x000000074f600000| Complete 
| 636|0x000000074f800000, 0x000000074fa00000, 0x000000074fa00000|100%|HC|  |TAMS 0x000000074f800000, 0x000000074f800000| Complete 
| 637|0x000000074fa00000, 0x000000074fc00000, 0x000000074fc00000|100%|HC|  |TAMS 0x000000074fa00000, 0x000000074fa00000| Complete 
| 638|0x000000074fc00000, 0x000000074fe00000, 0x000000074fe00000|100%|HC|  |TAMS 0x000000074fc00000, 0x000000074fc00000| Complete 
| 639|0x000000074fe00000, 0x0000000750000000, 0x0000000750000000|100%|HC|  |TAMS 0x000000074fe00000, 0x000000074fe00000| Complete 
| 640|0x0000000750000000, 0x0000000750200000, 0x0000000750200000|100%|HC|  |TAMS 0x0000000750000000, 0x0000000750000000| Complete 
| 641|0x0000000750200000, 0x0000000750400000, 0x0000000750400000|100%|HC|  |TAMS 0x0000000750200000, 0x0000000750200000| Complete 
| 642|0x0000000750400000, 0x0000000750600000, 0x0000000750600000|100%|HC|  |TAMS 0x0000000750400000, 0x0000000750400000| Complete 
| 643|0x0000000750600000, 0x0000000750800000, 0x0000000750800000|100%|HC|  |TAMS 0x0000000750600000, 0x0000000750600000| Complete 
| 644|0x0000000750800000, 0x0000000750a00000, 0x0000000750a00000|100%|HC|  |TAMS 0x0000000750800000, 0x0000000750800000| Complete 
| 645|0x0000000750a00000, 0x0000000750c00000, 0x0000000750c00000|100%|HC|  |TAMS 0x0000000750a00000, 0x0000000750a00000| Complete 
| 646|0x0000000750c00000, 0x0000000750e00000, 0x0000000750e00000|100%|HC|  |TAMS 0x0000000750c00000, 0x0000000750c00000| Complete 
| 647|0x0000000750e00000, 0x0000000751000000, 0x0000000751000000|100%|HC|  |TAMS 0x0000000750e00000, 0x0000000750e00000| Complete 
| 648|0x0000000751000000, 0x0000000751200000, 0x0000000751200000|100%|HC|  |TAMS 0x0000000751000000, 0x0000000751000000| Complete 
| 649|0x0000000751200000, 0x0000000751400000, 0x0000000751400000|100%|HC|  |TAMS 0x0000000751200000, 0x0000000751200000| Complete 
| 650|0x0000000751400000, 0x0000000751600000, 0x0000000751600000|100%|HC|  |TAMS 0x0000000751400000, 0x0000000751400000| Complete 
| 651|0x0000000751600000, 0x0000000751800000, 0x0000000751800000|100%|HC|  |TAMS 0x0000000751600000, 0x0000000751600000| Complete 
| 652|0x0000000751800000, 0x0000000751a00000, 0x0000000751a00000|100%|HC|  |TAMS 0x0000000751800000, 0x0000000751800000| Complete 
| 653|0x0000000751a00000, 0x0000000751c00000, 0x0000000751c00000|100%|HC|  |TAMS 0x0000000751a00000, 0x0000000751a00000| Complete 
| 654|0x0000000751c00000, 0x0000000751e00000, 0x0000000751e00000|100%|HC|  |TAMS 0x0000000751c00000, 0x0000000751c00000| Complete 
| 655|0x0000000751e00000, 0x0000000752000000, 0x0000000752000000|100%|HC|  |TAMS 0x0000000751e00000, 0x0000000751e00000| Complete 
| 656|0x0000000752000000, 0x0000000752200000, 0x0000000752200000|100%|HC|  |TAMS 0x0000000752000000, 0x0000000752000000| Complete 
| 657|0x0000000752200000, 0x0000000752400000, 0x0000000752400000|100%|HC|  |TAMS 0x0000000752200000, 0x0000000752200000| Complete 
| 658|0x0000000752400000, 0x0000000752600000, 0x0000000752600000|100%|HC|  |TAMS 0x0000000752400000, 0x0000000752400000| Complete 
| 659|0x0000000752600000, 0x0000000752800000, 0x0000000752800000|100%|HC|  |TAMS 0x0000000752600000, 0x0000000752600000| Complete 
| 660|0x0000000752800000, 0x0000000752a00000, 0x0000000752a00000|100%|HC|  |TAMS 0x0000000752800000, 0x0000000752800000| Complete 
| 661|0x0000000752a00000, 0x0000000752c00000, 0x0000000752c00000|100%|HC|  |TAMS 0x0000000752a00000, 0x0000000752a00000| Complete 
| 662|0x0000000752c00000, 0x0000000752e00000, 0x0000000752e00000|100%|HC|  |TAMS 0x0000000752c00000, 0x0000000752c00000| Complete 
| 663|0x0000000752e00000, 0x0000000753000000, 0x0000000753000000|100%|HC|  |TAMS 0x0000000752e00000, 0x0000000752e00000| Complete 
| 664|0x0000000753000000, 0x0000000753200000, 0x0000000753200000|100%|HC|  |TAMS 0x0000000753000000, 0x0000000753000000| Complete 
| 665|0x0000000753200000, 0x0000000753400000, 0x0000000753400000|100%|HC|  |TAMS 0x0000000753200000, 0x0000000753200000| Complete 
| 666|0x0000000753400000, 0x0000000753600000, 0x0000000753600000|100%|HC|  |TAMS 0x0000000753400000, 0x0000000753400000| Complete 
| 667|0x0000000753600000, 0x0000000753800000, 0x0000000753800000|100%|HC|  |TAMS 0x0000000753600000, 0x0000000753600000| Complete 
| 668|0x0000000753800000, 0x0000000753a00000, 0x0000000753a00000|100%|HC|  |TAMS 0x0000000753800000, 0x0000000753800000| Complete 
| 669|0x0000000753a00000, 0x0000000753c00000, 0x0000000753c00000|100%|HC|  |TAMS 0x0000000753a00000, 0x0000000753a00000| Complete 
| 670|0x0000000753c00000, 0x0000000753e00000, 0x0000000753e00000|100%|HC|  |TAMS 0x0000000753c00000, 0x0000000753c00000| Complete 
| 671|0x0000000753e00000, 0x0000000754000000, 0x0000000754000000|100%|HC|  |TAMS 0x0000000753e00000, 0x0000000753e00000| Complete 
| 672|0x0000000754000000, 0x0000000754200000, 0x0000000754200000|100%|HC|  |TAMS 0x0000000754000000, 0x0000000754000000| Complete 
| 673|0x0000000754200000, 0x0000000754400000, 0x0000000754400000|100%|HC|  |TAMS 0x0000000754200000, 0x0000000754200000| Complete 
| 674|0x0000000754400000, 0x0000000754600000, 0x0000000754600000|100%|HS|  |TAMS 0x0000000754400000, 0x0000000754400000| Complete 
| 675|0x0000000754600000, 0x0000000754800000, 0x0000000754800000|100%|HC|  |TAMS 0x0000000754600000, 0x0000000754600000| Complete 
| 676|0x0000000754800000, 0x0000000754a00000, 0x0000000754a00000|100%|HC|  |TAMS 0x0000000754800000, 0x0000000754800000| Complete 
| 677|0x0000000754a00000, 0x0000000754c00000, 0x0000000754c00000|100%|HC|  |TAMS 0x0000000754a00000, 0x0000000754a00000| Complete 
| 678|0x0000000754c00000, 0x0000000754e00000, 0x0000000754e00000|100%|HC|  |TAMS 0x0000000754c00000, 0x0000000754c00000| Complete 
| 679|0x0000000754e00000, 0x0000000755000000, 0x0000000755000000|100%|HC|  |TAMS 0x0000000754e00000, 0x0000000754e00000| Complete 
| 680|0x0000000755000000, 0x0000000755200000, 0x0000000755200000|100%|HC|  |TAMS 0x0000000755000000, 0x0000000755000000| Complete 
| 681|0x0000000755200000, 0x0000000755400000, 0x0000000755400000|100%|HC|  |TAMS 0x0000000755200000, 0x0000000755200000| Complete 
| 682|0x0000000755400000, 0x0000000755600000, 0x0000000755600000|100%|HC|  |TAMS 0x0000000755400000, 0x0000000755400000| Complete 
| 683|0x0000000755600000, 0x0000000755800000, 0x0000000755800000|100%|HC|  |TAMS 0x0000000755600000, 0x0000000755600000| Complete 
| 684|0x0000000755800000, 0x0000000755a00000, 0x0000000755a00000|100%|HC|  |TAMS 0x0000000755800000, 0x0000000755800000| Complete 
| 685|0x0000000755a00000, 0x0000000755c00000, 0x0000000755c00000|100%|HC|  |TAMS 0x0000000755a00000, 0x0000000755a00000| Complete 
| 686|0x0000000755c00000, 0x0000000755e00000, 0x0000000755e00000|100%|HC|  |TAMS 0x0000000755c00000, 0x0000000755c00000| Complete 
| 687|0x0000000755e00000, 0x0000000756000000, 0x0000000756000000|100%|HC|  |TAMS 0x0000000755e00000, 0x0000000755e00000| Complete 
| 688|0x0000000756000000, 0x0000000756200000, 0x0000000756200000|100%|HC|  |TAMS 0x0000000756000000, 0x0000000756000000| Complete 
| 689|0x0000000756200000, 0x0000000756400000, 0x0000000756400000|100%|HC|  |TAMS 0x0000000756200000, 0x0000000756200000| Complete 
| 690|0x0000000756400000, 0x0000000756600000, 0x0000000756600000|100%|HC|  |TAMS 0x0000000756400000, 0x0000000756400000| Complete 
| 691|0x0000000756600000, 0x0000000756800000, 0x0000000756800000|100%|HC|  |TAMS 0x0000000756600000, 0x0000000756600000| Complete 
| 692|0x0000000756800000, 0x0000000756a00000, 0x0000000756a00000|100%|HC|  |TAMS 0x0000000756800000, 0x0000000756800000| Complete 
| 693|0x0000000756a00000, 0x0000000756c00000, 0x0000000756c00000|100%|HC|  |TAMS 0x0000000756a00000, 0x0000000756a00000| Complete 
| 694|0x0000000756c00000, 0x0000000756e00000, 0x0000000756e00000|100%|HC|  |TAMS 0x0000000756c00000, 0x0000000756c00000| Complete 
| 695|0x0000000756e00000, 0x0000000757000000, 0x0000000757000000|100%|HC|  |TAMS 0x0000000756e00000, 0x0000000756e00000| Complete 
| 696|0x0000000757000000, 0x0000000757200000, 0x0000000757200000|100%|HC|  |TAMS 0x0000000757000000, 0x0000000757000000| Complete 
| 697|0x0000000757200000, 0x0000000757400000, 0x0000000757400000|100%|HC|  |TAMS 0x0000000757200000, 0x0000000757200000| Complete 
| 698|0x0000000757400000, 0x0000000757600000, 0x0000000757600000|100%|HC|  |TAMS 0x0000000757400000, 0x0000000757400000| Complete 
| 699|0x0000000757600000, 0x0000000757800000, 0x0000000757800000|100%|HC|  |TAMS 0x0000000757600000, 0x0000000757600000| Complete 
| 700|0x0000000757800000, 0x0000000757a00000, 0x0000000757a00000|100%|HC|  |TAMS 0x0000000757800000, 0x0000000757800000| Complete 
| 701|0x0000000757a00000, 0x0000000757c00000, 0x0000000757c00000|100%|HC|  |TAMS 0x0000000757a00000, 0x0000000757a00000| Complete 
| 702|0x0000000757c00000, 0x0000000757e00000, 0x0000000757e00000|100%|HC|  |TAMS 0x0000000757c00000, 0x0000000757c00000| Complete 
| 703|0x0000000757e00000, 0x0000000758000000, 0x0000000758000000|100%|HC|  |TAMS 0x0000000757e00000, 0x0000000757e00000| Complete 
| 704|0x0000000758000000, 0x0000000758200000, 0x0000000758200000|100%|HC|  |TAMS 0x0000000758000000, 0x0000000758000000| Complete 
| 705|0x0000000758200000, 0x0000000758400000, 0x0000000758400000|100%|HC|  |TAMS 0x0000000758200000, 0x0000000758200000| Complete 
| 706|0x0000000758400000, 0x0000000758600000, 0x0000000758600000|100%|HC|  |TAMS 0x0000000758400000, 0x0000000758400000| Complete 
| 707|0x0000000758600000, 0x0000000758800000, 0x0000000758800000|100%|HC|  |TAMS 0x0000000758600000, 0x0000000758600000| Complete 
| 708|0x0000000758800000, 0x0000000758a00000, 0x0000000758a00000|100%|HC|  |TAMS 0x0000000758800000, 0x0000000758800000| Complete 
| 709|0x0000000758a00000, 0x0000000758c00000, 0x0000000758c00000|100%|HC|  |TAMS 0x0000000758a00000, 0x0000000758a00000| Complete 
| 710|0x0000000758c00000, 0x0000000758e00000, 0x0000000758e00000|100%|HC|  |TAMS 0x0000000758c00000, 0x0000000758c00000| Complete 
| 711|0x0000000758e00000, 0x0000000759000000, 0x0000000759000000|100%|HC|  |TAMS 0x0000000758e00000, 0x0000000758e00000| Complete 
| 712|0x0000000759000000, 0x0000000759200000, 0x0000000759200000|100%|HC|  |TAMS 0x0000000759000000, 0x0000000759000000| Complete 
| 713|0x0000000759200000, 0x0000000759400000, 0x0000000759400000|100%|HC|  |TAMS 0x0000000759200000, 0x0000000759200000| Complete 
| 714|0x0000000759400000, 0x0000000759600000, 0x0000000759600000|100%|HC|  |TAMS 0x0000000759400000, 0x0000000759400000| Complete 
| 715|0x0000000759600000, 0x0000000759800000, 0x0000000759800000|100%|HC|  |TAMS 0x0000000759600000, 0x0000000759600000| Complete 
| 716|0x0000000759800000, 0x0000000759a00000, 0x0000000759a00000|100%|HC|  |TAMS 0x0000000759800000, 0x0000000759800000| Complete 
| 717|0x0000000759a00000, 0x0000000759c00000, 0x0000000759c00000|100%|HC|  |TAMS 0x0000000759a00000, 0x0000000759a00000| Complete 
| 718|0x0000000759c00000, 0x0000000759e00000, 0x0000000759e00000|100%|HC|  |TAMS 0x0000000759c00000, 0x0000000759c00000| Complete 
| 719|0x0000000759e00000, 0x000000075a000000, 0x000000075a000000|100%|HC|  |TAMS 0x0000000759e00000, 0x0000000759e00000| Complete 
| 720|0x000000075a000000, 0x000000075a200000, 0x000000075a200000|100%|HC|  |TAMS 0x000000075a000000, 0x000000075a000000| Complete 
| 721|0x000000075a200000, 0x000000075a400000, 0x000000075a400000|100%|HC|  |TAMS 0x000000075a200000, 0x000000075a200000| Complete 
| 722|0x000000075a400000, 0x000000075a600000, 0x000000075a600000|100%|HC|  |TAMS 0x000000075a400000, 0x000000075a400000| Complete 
| 723|0x000000075a600000, 0x000000075a800000, 0x000000075a800000|100%|HC|  |TAMS 0x000000075a600000, 0x000000075a600000| Complete 
| 724|0x000000075a800000, 0x000000075aa00000, 0x000000075aa00000|100%|HC|  |TAMS 0x000000075a800000, 0x000000075a800000| Complete 
| 725|0x000000075aa00000, 0x000000075ac00000, 0x000000075ac00000|100%|HC|  |TAMS 0x000000075aa00000, 0x000000075aa00000| Complete 
| 726|0x000000075ac00000, 0x000000075ae00000, 0x000000075ae00000|100%|HC|  |TAMS 0x000000075ac00000, 0x000000075ac00000| Complete 
| 727|0x000000075ae00000, 0x000000075b000000, 0x000000075b000000|100%|HC|  |TAMS 0x000000075ae00000, 0x000000075ae00000| Complete 
| 728|0x000000075b000000, 0x000000075b200000, 0x000000075b200000|100%|HC|  |TAMS 0x000000075b000000, 0x000000075b000000| Complete 
| 729|0x000000075b200000, 0x000000075b400000, 0x000000075b400000|100%|HC|  |TAMS 0x000000075b200000, 0x000000075b200000| Complete 
| 730|0x000000075b400000, 0x000000075b600000, 0x000000075b600000|100%|HC|  |TAMS 0x000000075b400000, 0x000000075b400000| Complete 
| 731|0x000000075b600000, 0x000000075b800000, 0x000000075b800000|100%|HC|  |TAMS 0x000000075b600000, 0x000000075b600000| Complete 
| 732|0x000000075b800000, 0x000000075ba00000, 0x000000075ba00000|100%|HC|  |TAMS 0x000000075b800000, 0x000000075b800000| Complete 
| 733|0x000000075ba00000, 0x000000075bc00000, 0x000000075bc00000|100%|HC|  |TAMS 0x000000075ba00000, 0x000000075ba00000| Complete 
| 734|0x000000075bc00000, 0x000000075be00000, 0x000000075be00000|100%|HC|  |TAMS 0x000000075bc00000, 0x000000075bc00000| Complete 
| 735|0x000000075be00000, 0x000000075c000000, 0x000000075c000000|100%|HC|  |TAMS 0x000000075be00000, 0x000000075be00000| Complete 
| 736|0x000000075c000000, 0x000000075c200000, 0x000000075c200000|100%|HC|  |TAMS 0x000000075c000000, 0x000000075c000000| Complete 
| 737|0x000000075c200000, 0x000000075c400000, 0x000000075c400000|100%|HC|  |TAMS 0x000000075c200000, 0x000000075c200000| Complete 
| 738|0x000000075c400000, 0x000000075c600000, 0x000000075c600000|100%|HC|  |TAMS 0x000000075c400000, 0x000000075c400000| Complete 
| 739|0x000000075c600000, 0x000000075c800000, 0x000000075c800000|100%|HC|  |TAMS 0x000000075c600000, 0x000000075c600000| Complete 
| 740|0x000000075c800000, 0x000000075ca00000, 0x000000075ca00000|100%|HC|  |TAMS 0x000000075c800000, 0x000000075c800000| Complete 
| 741|0x000000075ca00000, 0x000000075cc00000, 0x000000075cc00000|100%|HC|  |TAMS 0x000000075ca00000, 0x000000075ca00000| Complete 
| 742|0x000000075cc00000, 0x000000075ce00000, 0x000000075ce00000|100%|HC|  |TAMS 0x000000075cc00000, 0x000000075cc00000| Complete 
| 743|0x000000075ce00000, 0x000000075d000000, 0x000000075d000000|100%|HC|  |TAMS 0x000000075ce00000, 0x000000075ce00000| Complete 
| 744|0x000000075d000000, 0x000000075d200000, 0x000000075d200000|100%|HC|  |TAMS 0x000000075d000000, 0x000000075d000000| Complete 
| 745|0x000000075d200000, 0x000000075d400000, 0x000000075d400000|100%|HC|  |TAMS 0x000000075d200000, 0x000000075d200000| Complete 
| 746|0x000000075d400000, 0x000000075d600000, 0x000000075d600000|100%|HC|  |TAMS 0x000000075d400000, 0x000000075d400000| Complete 
| 747|0x000000075d600000, 0x000000075d800000, 0x000000075d800000|100%|HC|  |TAMS 0x000000075d600000, 0x000000075d600000| Complete 
| 748|0x000000075d800000, 0x000000075da00000, 0x000000075da00000|100%|HC|  |TAMS 0x000000075d800000, 0x000000075d800000| Complete 
| 749|0x000000075da00000, 0x000000075dc00000, 0x000000075dc00000|100%|HS|  |TAMS 0x000000075da00000, 0x000000075da00000| Complete 
| 750|0x000000075dc00000, 0x000000075de00000, 0x000000075de00000|100%|HC|  |TAMS 0x000000075dc00000, 0x000000075dc00000| Complete 
| 751|0x000000075de00000, 0x000000075e000000, 0x000000075e000000|100%|HC|  |TAMS 0x000000075de00000, 0x000000075de00000| Complete 
| 752|0x000000075e000000, 0x000000075e200000, 0x000000075e200000|100%|HC|  |TAMS 0x000000075e000000, 0x000000075e000000| Complete 
| 753|0x000000075e200000, 0x000000075e400000, 0x000000075e400000|100%|HC|  |TAMS 0x000000075e200000, 0x000000075e200000| Complete 
| 754|0x000000075e400000, 0x000000075e600000, 0x000000075e600000|100%|HC|  |TAMS 0x000000075e400000, 0x000000075e400000| Complete 
| 755|0x000000075e600000, 0x000000075e800000, 0x000000075e800000|100%|HC|  |TAMS 0x000000075e600000, 0x000000075e600000| Complete 
| 756|0x000000075e800000, 0x000000075ea00000, 0x000000075ea00000|100%|HC|  |TAMS 0x000000075e800000, 0x000000075e800000| Complete 
| 757|0x000000075ea00000, 0x000000075ec00000, 0x000000075ec00000|100%|HC|  |TAMS 0x000000075ea00000, 0x000000075ea00000| Complete 
| 758|0x000000075ec00000, 0x000000075ee00000, 0x000000075ee00000|100%|HC|  |TAMS 0x000000075ec00000, 0x000000075ec00000| Complete 
| 759|0x000000075ee00000, 0x000000075f000000, 0x000000075f000000|100%|HC|  |TAMS 0x000000075ee00000, 0x000000075ee00000| Complete 
| 760|0x000000075f000000, 0x000000075f200000, 0x000000075f200000|100%|HC|  |TAMS 0x000000075f000000, 0x000000075f000000| Complete 
| 761|0x000000075f200000, 0x000000075f400000, 0x000000075f400000|100%|HC|  |TAMS 0x000000075f200000, 0x000000075f200000| Complete 
| 762|0x000000075f400000, 0x000000075f600000, 0x000000075f600000|100%|HC|  |TAMS 0x000000075f400000, 0x000000075f400000| Complete 
| 763|0x000000075f600000, 0x000000075f800000, 0x000000075f800000|100%|HC|  |TAMS 0x000000075f600000, 0x000000075f600000| Complete 
| 764|0x000000075f800000, 0x000000075fa00000, 0x000000075fa00000|100%|HC|  |TAMS 0x000000075f800000, 0x000000075f800000| Complete 
| 765|0x000000075fa00000, 0x000000075fc00000, 0x000000075fc00000|100%|HC|  |TAMS 0x000000075fa00000, 0x000000075fa00000| Complete 
| 766|0x000000075fc00000, 0x000000075fe00000, 0x000000075fe00000|100%|HC|  |TAMS 0x000000075fc00000, 0x000000075fc00000| Complete 
| 767|0x000000075fe00000, 0x0000000760000000, 0x0000000760000000|100%|HC|  |TAMS 0x000000075fe00000, 0x000000075fe00000| Complete 
| 768|0x0000000760000000, 0x0000000760200000, 0x0000000760200000|100%|HC|  |TAMS 0x0000000760000000, 0x0000000760000000| Complete 
| 769|0x0000000760200000, 0x0000000760400000, 0x0000000760400000|100%|HC|  |TAMS 0x0000000760200000, 0x0000000760200000| Complete 
| 770|0x0000000760400000, 0x0000000760600000, 0x0000000760600000|100%|HC|  |TAMS 0x0000000760400000, 0x0000000760400000| Complete 
| 771|0x0000000760600000, 0x0000000760800000, 0x0000000760800000|100%|HC|  |TAMS 0x0000000760600000, 0x0000000760600000| Complete 
| 772|0x0000000760800000, 0x0000000760a00000, 0x0000000760a00000|100%|HC|  |TAMS 0x0000000760800000, 0x0000000760800000| Complete 
| 773|0x0000000760a00000, 0x0000000760c00000, 0x0000000760c00000|100%|HC|  |TAMS 0x0000000760a00000, 0x0000000760a00000| Complete 
| 774|0x0000000760c00000, 0x0000000760e00000, 0x0000000760e00000|100%|HC|  |TAMS 0x0000000760c00000, 0x0000000760c00000| Complete 
| 775|0x0000000760e00000, 0x0000000761000000, 0x0000000761000000|100%|HC|  |TAMS 0x0000000760e00000, 0x0000000760e00000| Complete 
| 776|0x0000000761000000, 0x0000000761200000, 0x0000000761200000|100%|HC|  |TAMS 0x0000000761000000, 0x0000000761000000| Complete 
| 777|0x0000000761200000, 0x0000000761400000, 0x0000000761400000|100%|HC|  |TAMS 0x0000000761200000, 0x0000000761200000| Complete 
| 778|0x0000000761400000, 0x0000000761600000, 0x0000000761600000|100%|HC|  |TAMS 0x0000000761400000, 0x0000000761400000| Complete 
| 779|0x0000000761600000, 0x0000000761800000, 0x0000000761800000|100%|HC|  |TAMS 0x0000000761600000, 0x0000000761600000| Complete 
| 780|0x0000000761800000, 0x0000000761a00000, 0x0000000761a00000|100%|HC|  |TAMS 0x0000000761800000, 0x0000000761800000| Complete 
| 781|0x0000000761a00000, 0x0000000761c00000, 0x0000000761c00000|100%|HC|  |TAMS 0x0000000761a00000, 0x0000000761a00000| Complete 
| 782|0x0000000761c00000, 0x0000000761e00000, 0x0000000761e00000|100%|HC|  |TAMS 0x0000000761c00000, 0x0000000761c00000| Complete 
| 783|0x0000000761e00000, 0x0000000762000000, 0x0000000762000000|100%|HC|  |TAMS 0x0000000761e00000, 0x0000000761e00000| Complete 
| 784|0x0000000762000000, 0x0000000762200000, 0x0000000762200000|100%|HC|  |TAMS 0x0000000762000000, 0x0000000762000000| Complete 
| 785|0x0000000762200000, 0x0000000762400000, 0x0000000762400000|100%|HC|  |TAMS 0x0000000762200000, 0x0000000762200000| Complete 
| 786|0x0000000762400000, 0x0000000762600000, 0x0000000762600000|100%|HC|  |TAMS 0x0000000762400000, 0x0000000762400000| Complete 
| 787|0x0000000762600000, 0x0000000762800000, 0x0000000762800000|100%|HC|  |TAMS 0x0000000762600000, 0x0000000762600000| Complete 
| 788|0x0000000762800000, 0x0000000762a00000, 0x0000000762a00000|100%|HC|  |TAMS 0x0000000762800000, 0x0000000762800000| Complete 
| 789|0x0000000762a00000, 0x0000000762c00000, 0x0000000762c00000|100%|HC|  |TAMS 0x0000000762a00000, 0x0000000762a00000| Complete 
| 790|0x0000000762c00000, 0x0000000762e00000, 0x0000000762e00000|100%|HC|  |TAMS 0x0000000762c00000, 0x0000000762c00000| Complete 
| 791|0x0000000762e00000, 0x0000000763000000, 0x0000000763000000|100%|HC|  |TAMS 0x0000000762e00000, 0x0000000762e00000| Complete 
| 792|0x0000000763000000, 0x0000000763200000, 0x0000000763200000|100%|HC|  |TAMS 0x0000000763000000, 0x0000000763000000| Complete 
| 793|0x0000000763200000, 0x0000000763400000, 0x0000000763400000|100%|HC|  |TAMS 0x0000000763200000, 0x0000000763200000| Complete 
| 794|0x0000000763400000, 0x0000000763600000, 0x0000000763600000|100%|HC|  |TAMS 0x0000000763400000, 0x0000000763400000| Complete 
| 795|0x0000000763600000, 0x0000000763800000, 0x0000000763800000|100%|HC|  |TAMS 0x0000000763600000, 0x0000000763600000| Complete 
| 796|0x0000000763800000, 0x0000000763a00000, 0x0000000763a00000|100%|HC|  |TAMS 0x0000000763800000, 0x0000000763800000| Complete 
| 797|0x0000000763a00000, 0x0000000763c00000, 0x0000000763c00000|100%|HC|  |TAMS 0x0000000763a00000, 0x0000000763a00000| Complete 
| 798|0x0000000763c00000, 0x0000000763e00000, 0x0000000763e00000|100%|HS|  |TAMS 0x0000000763c00000, 0x0000000763c00000| Complete 
| 799|0x0000000763e00000, 0x0000000764000000, 0x0000000764000000|100%|HC|  |TAMS 0x0000000763e00000, 0x0000000763e00000| Complete 
| 800|0x0000000764000000, 0x0000000764200000, 0x0000000764200000|100%|HC|  |TAMS 0x0000000764000000, 0x0000000764000000| Complete 
| 801|0x0000000764200000, 0x0000000764400000, 0x0000000764400000|100%|HC|  |TAMS 0x0000000764200000, 0x0000000764200000| Complete 
| 802|0x0000000764400000, 0x0000000764600000, 0x0000000764600000|100%|HC|  |TAMS 0x0000000764400000, 0x0000000764400000| Complete 
| 803|0x0000000764600000, 0x0000000764800000, 0x0000000764800000|100%|HC|  |TAMS 0x0000000764600000, 0x0000000764600000| Complete 
| 804|0x0000000764800000, 0x0000000764a00000, 0x0000000764a00000|100%|HC|  |TAMS 0x0000000764800000, 0x0000000764800000| Complete 
| 805|0x0000000764a00000, 0x0000000764c00000, 0x0000000764c00000|100%|HC|  |TAMS 0x0000000764a00000, 0x0000000764a00000| Complete 
| 806|0x0000000764c00000, 0x0000000764e00000, 0x0000000764e00000|100%|HC|  |TAMS 0x0000000764c00000, 0x0000000764c00000| Complete 
| 807|0x0000000764e00000, 0x0000000765000000, 0x0000000765000000|100%|HC|  |TAMS 0x0000000764e00000, 0x0000000764e00000| Complete 
| 808|0x0000000765000000, 0x0000000765200000, 0x0000000765200000|100%|HC|  |TAMS 0x0000000765000000, 0x0000000765000000| Complete 
| 809|0x0000000765200000, 0x0000000765400000, 0x0000000765400000|100%|HC|  |TAMS 0x0000000765200000, 0x0000000765200000| Complete 
| 810|0x0000000765400000, 0x0000000765600000, 0x0000000765600000|100%|HC|  |TAMS 0x0000000765400000, 0x0000000765400000| Complete 
| 811|0x0000000765600000, 0x0000000765800000, 0x0000000765800000|100%|HC|  |TAMS 0x0000000765600000, 0x0000000765600000| Complete 
| 812|0x0000000765800000, 0x0000000765a00000, 0x0000000765a00000|100%|HC|  |TAMS 0x0000000765800000, 0x0000000765800000| Complete 
| 813|0x0000000765a00000, 0x0000000765c00000, 0x0000000765c00000|100%|HC|  |TAMS 0x0000000765a00000, 0x0000000765a00000| Complete 
| 814|0x0000000765c00000, 0x0000000765e00000, 0x0000000765e00000|100%|HC|  |TAMS 0x0000000765c00000, 0x0000000765c00000| Complete 
| 815|0x0000000765e00000, 0x0000000766000000, 0x0000000766000000|100%|HC|  |TAMS 0x0000000765e00000, 0x0000000765e00000| Complete 
| 816|0x0000000766000000, 0x0000000766200000, 0x0000000766200000|100%|HC|  |TAMS 0x0000000766000000, 0x0000000766000000| Complete 
| 817|0x0000000766200000, 0x0000000766400000, 0x0000000766400000|100%|HC|  |TAMS 0x0000000766200000, 0x0000000766200000| Complete 
| 818|0x0000000766400000, 0x0000000766600000, 0x0000000766600000|100%|HC|  |TAMS 0x0000000766400000, 0x0000000766400000| Complete 
| 819|0x0000000766600000, 0x0000000766800000, 0x0000000766800000|100%|HC|  |TAMS 0x0000000766600000, 0x0000000766600000| Complete 
| 820|0x0000000766800000, 0x0000000766a00000, 0x0000000766a00000|100%|HC|  |TAMS 0x0000000766800000, 0x0000000766800000| Complete 
| 821|0x0000000766a00000, 0x0000000766c00000, 0x0000000766c00000|100%|HC|  |TAMS 0x0000000766a00000, 0x0000000766a00000| Complete 
| 822|0x0000000766c00000, 0x0000000766e00000, 0x0000000766e00000|100%|HC|  |TAMS 0x0000000766c00000, 0x0000000766c00000| Complete 
| 823|0x0000000766e00000, 0x0000000767000000, 0x0000000767000000|100%|HC|  |TAMS 0x0000000766e00000, 0x0000000766e00000| Complete 
| 824|0x0000000767000000, 0x0000000767200000, 0x0000000767200000|100%|HC|  |TAMS 0x0000000767000000, 0x0000000767000000| Complete 
| 825|0x0000000767200000, 0x0000000767400000, 0x0000000767400000|100%|HC|  |TAMS 0x0000000767200000, 0x0000000767200000| Complete 
| 826|0x0000000767400000, 0x0000000767600000, 0x0000000767600000|100%|HC|  |TAMS 0x0000000767400000, 0x0000000767400000| Complete 
| 827|0x0000000767600000, 0x0000000767800000, 0x0000000767800000|100%|HC|  |TAMS 0x0000000767600000, 0x0000000767600000| Complete 
| 828|0x0000000767800000, 0x0000000767a00000, 0x0000000767a00000|100%|HC|  |TAMS 0x0000000767800000, 0x0000000767800000| Complete 
| 829|0x0000000767a00000, 0x0000000767c00000, 0x0000000767c00000|100%|HC|  |TAMS 0x0000000767a00000, 0x0000000767a00000| Complete 
| 830|0x0000000767c00000, 0x0000000767e00000, 0x0000000767e00000|100%|HC|  |TAMS 0x0000000767c00000, 0x0000000767c00000| Complete 
| 831|0x0000000767e00000, 0x0000000768000000, 0x0000000768000000|100%|HS|  |TAMS 0x0000000767e00000, 0x0000000767e00000| Complete 
| 832|0x0000000768000000, 0x0000000768200000, 0x0000000768200000|100%|HC|  |TAMS 0x0000000768000000, 0x0000000768000000| Complete 
| 833|0x0000000768200000, 0x0000000768400000, 0x0000000768400000|100%|HC|  |TAMS 0x0000000768200000, 0x0000000768200000| Complete 
| 834|0x0000000768400000, 0x0000000768600000, 0x0000000768600000|100%|HC|  |TAMS 0x0000000768400000, 0x0000000768400000| Complete 
| 835|0x0000000768600000, 0x0000000768800000, 0x0000000768800000|100%|HC|  |TAMS 0x0000000768600000, 0x0000000768600000| Complete 
| 836|0x0000000768800000, 0x0000000768a00000, 0x0000000768a00000|100%|HC|  |TAMS 0x0000000768800000, 0x0000000768800000| Complete 
| 837|0x0000000768a00000, 0x0000000768c00000, 0x0000000768c00000|100%|HC|  |TAMS 0x0000000768a00000, 0x0000000768a00000| Complete 
| 838|0x0000000768c00000, 0x0000000768e00000, 0x0000000768e00000|100%|HC|  |TAMS 0x0000000768c00000, 0x0000000768c00000| Complete 
| 839|0x0000000768e00000, 0x0000000769000000, 0x0000000769000000|100%|HC|  |TAMS 0x0000000768e00000, 0x0000000768e00000| Complete 
| 840|0x0000000769000000, 0x0000000769200000, 0x0000000769200000|100%|HC|  |TAMS 0x0000000769000000, 0x0000000769000000| Complete 
| 841|0x0000000769200000, 0x0000000769400000, 0x0000000769400000|100%|HC|  |TAMS 0x0000000769200000, 0x0000000769200000| Complete 
| 842|0x0000000769400000, 0x0000000769600000, 0x0000000769600000|100%|HC|  |TAMS 0x0000000769400000, 0x0000000769400000| Complete 
| 843|0x0000000769600000, 0x0000000769800000, 0x0000000769800000|100%|HC|  |TAMS 0x0000000769600000, 0x0000000769600000| Complete 
| 844|0x0000000769800000, 0x0000000769a00000, 0x0000000769a00000|100%|HC|  |TAMS 0x0000000769800000, 0x0000000769800000| Complete 
| 845|0x0000000769a00000, 0x0000000769c00000, 0x0000000769c00000|100%|HC|  |TAMS 0x0000000769a00000, 0x0000000769a00000| Complete 
| 846|0x0000000769c00000, 0x0000000769e00000, 0x0000000769e00000|100%|HC|  |TAMS 0x0000000769c00000, 0x0000000769c00000| Complete 
| 847|0x0000000769e00000, 0x000000076a000000, 0x000000076a000000|100%|HC|  |TAMS 0x0000000769e00000, 0x0000000769e00000| Complete 
| 848|0x000000076a000000, 0x000000076a200000, 0x000000076a200000|100%|HC|  |TAMS 0x000000076a000000, 0x000000076a000000| Complete 
| 849|0x000000076a200000, 0x000000076a400000, 0x000000076a400000|100%|HC|  |TAMS 0x000000076a200000, 0x000000076a200000| Complete 
| 850|0x000000076a400000, 0x000000076a600000, 0x000000076a600000|100%|HC|  |TAMS 0x000000076a400000, 0x000000076a400000| Complete 
| 851|0x000000076a600000, 0x000000076a800000, 0x000000076a800000|100%|HC|  |TAMS 0x000000076a600000, 0x000000076a600000| Complete 
| 852|0x000000076a800000, 0x000000076aa00000, 0x000000076aa00000|100%|HC|  |TAMS 0x000000076a800000, 0x000000076a800000| Complete 
| 853|0x000000076aa00000, 0x000000076ac00000, 0x000000076ac00000|100%|HC|  |TAMS 0x000000076aa00000, 0x000000076aa00000| Complete 
| 854|0x000000076ac00000, 0x000000076ae00000, 0x000000076ae00000|100%|HC|  |TAMS 0x000000076ac00000, 0x000000076ac00000| Complete 
| 855|0x000000076ae00000, 0x000000076b000000, 0x000000076b000000|100%|HC|  |TAMS 0x000000076ae00000, 0x000000076ae00000| Complete 
| 856|0x000000076b000000, 0x000000076b200000, 0x000000076b200000|100%|HC|  |TAMS 0x000000076b000000, 0x000000076b000000| Complete 
| 857|0x000000076b200000, 0x000000076b400000, 0x000000076b400000|100%|HC|  |TAMS 0x000000076b200000, 0x000000076b200000| Complete 
| 858|0x000000076b400000, 0x000000076b600000, 0x000000076b600000|100%|HC|  |TAMS 0x000000076b400000, 0x000000076b400000| Complete 
| 859|0x000000076b600000, 0x000000076b800000, 0x000000076b800000|100%|HC|  |TAMS 0x000000076b600000, 0x000000076b600000| Complete 
| 860|0x000000076b800000, 0x000000076ba00000, 0x000000076ba00000|100%|HC|  |TAMS 0x000000076b800000, 0x000000076b800000| Complete 
| 861|0x000000076ba00000, 0x000000076bc00000, 0x000000076bc00000|100%|HC|  |TAMS 0x000000076ba00000, 0x000000076ba00000| Complete 
| 862|0x000000076bc00000, 0x000000076be00000, 0x000000076be00000|100%|HC|  |TAMS 0x000000076bc00000, 0x000000076bc00000| Complete 
| 863|0x000000076be00000, 0x000000076c000000, 0x000000076c000000|100%|HC|  |TAMS 0x000000076be00000, 0x000000076be00000| Complete 
| 864|0x000000076c000000, 0x000000076c200000, 0x000000076c200000|100%|HC|  |TAMS 0x000000076c000000, 0x000000076c000000| Complete 
| 865|0x000000076c200000, 0x000000076c400000, 0x000000076c400000|100%|HC|  |TAMS 0x000000076c200000, 0x000000076c200000| Complete 
| 866|0x000000076c400000, 0x000000076c600000, 0x000000076c600000|100%|HC|  |TAMS 0x000000076c400000, 0x000000076c400000| Complete 
| 867|0x000000076c600000, 0x000000076c800000, 0x000000076c800000|100%|HC|  |TAMS 0x000000076c600000, 0x000000076c600000| Complete 
| 868|0x000000076c800000, 0x000000076ca00000, 0x000000076ca00000|100%|HC|  |TAMS 0x000000076c800000, 0x000000076c800000| Complete 
| 869|0x000000076ca00000, 0x000000076cc00000, 0x000000076cc00000|100%|HC|  |TAMS 0x000000076ca00000, 0x000000076ca00000| Complete 
| 870|0x000000076cc00000, 0x000000076ce00000, 0x000000076ce00000|100%|HC|  |TAMS 0x000000076cc00000, 0x000000076cc00000| Complete 
| 871|0x000000076ce00000, 0x000000076d000000, 0x000000076d000000|100%|HC|  |TAMS 0x000000076ce00000, 0x000000076ce00000| Complete 
| 872|0x000000076d000000, 0x000000076d200000, 0x000000076d200000|100%|HC|  |TAMS 0x000000076d000000, 0x000000076d000000| Complete 
| 873|0x000000076d200000, 0x000000076d400000, 0x000000076d400000|100%|HC|  |TAMS 0x000000076d200000, 0x000000076d200000| Complete 
| 874|0x000000076d400000, 0x000000076d600000, 0x000000076d600000|100%|HC|  |TAMS 0x000000076d400000, 0x000000076d400000| Complete 
| 875|0x000000076d600000, 0x000000076d800000, 0x000000076d800000|100%|HC|  |TAMS 0x000000076d600000, 0x000000076d600000| Complete 
| 876|0x000000076d800000, 0x000000076da00000, 0x000000076da00000|100%|HC|  |TAMS 0x000000076d800000, 0x000000076d800000| Complete 
| 877|0x000000076da00000, 0x000000076dc00000, 0x000000076dc00000|100%|HC|  |TAMS 0x000000076da00000, 0x000000076da00000| Complete 
| 878|0x000000076dc00000, 0x000000076de00000, 0x000000076de00000|100%|HC|  |TAMS 0x000000076dc00000, 0x000000076dc00000| Complete 
| 879|0x000000076de00000, 0x000000076e000000, 0x000000076e000000|100%|HC|  |TAMS 0x000000076de00000, 0x000000076de00000| Complete 
| 880|0x000000076e000000, 0x000000076e200000, 0x000000076e200000|100%|HC|  |TAMS 0x000000076e000000, 0x000000076e000000| Complete 
| 881|0x000000076e200000, 0x000000076e400000, 0x000000076e400000|100%|HC|  |TAMS 0x000000076e200000, 0x000000076e200000| Complete 
| 882|0x000000076e400000, 0x000000076e600000, 0x000000076e600000|100%|HC|  |TAMS 0x000000076e400000, 0x000000076e400000| Complete 
| 883|0x000000076e600000, 0x000000076e800000, 0x000000076e800000|100%|HC|  |TAMS 0x000000076e600000, 0x000000076e600000| Complete 
| 884|0x000000076e800000, 0x000000076ea00000, 0x000000076ea00000|100%|HC|  |TAMS 0x000000076e800000, 0x000000076e800000| Complete 
| 885|0x000000076ea00000, 0x000000076ec00000, 0x000000076ec00000|100%|HC|  |TAMS 0x000000076ea00000, 0x000000076ea00000| Complete 
| 886|0x000000076ec00000, 0x000000076ee00000, 0x000000076ee00000|100%|HC|  |TAMS 0x000000076ec00000, 0x000000076ec00000| Complete 
| 887|0x000000076ee00000, 0x000000076f000000, 0x000000076f000000|100%|HC|  |TAMS 0x000000076ee00000, 0x000000076ee00000| Complete 
| 888|0x000000076f000000, 0x000000076f200000, 0x000000076f200000|100%|HC|  |TAMS 0x000000076f000000, 0x000000076f000000| Complete 
| 889|0x000000076f200000, 0x000000076f400000, 0x000000076f400000|100%|HC|  |TAMS 0x000000076f200000, 0x000000076f200000| Complete 
| 890|0x000000076f400000, 0x000000076f600000, 0x000000076f600000|100%|HC|  |TAMS 0x000000076f400000, 0x000000076f400000| Complete 
| 891|0x000000076f600000, 0x000000076f800000, 0x000000076f800000|100%|HC|  |TAMS 0x000000076f600000, 0x000000076f600000| Complete 
| 892|0x000000076f800000, 0x000000076fa00000, 0x000000076fa00000|100%|HC|  |TAMS 0x000000076f800000, 0x000000076f800000| Complete 
| 893|0x000000076fa00000, 0x000000076fc00000, 0x000000076fc00000|100%|HC|  |TAMS 0x000000076fa00000, 0x000000076fa00000| Complete 
| 894|0x000000076fc00000, 0x000000076fe00000, 0x000000076fe00000|100%|HC|  |TAMS 0x000000076fc00000, 0x000000076fc00000| Complete 
| 895|0x000000076fe00000, 0x0000000770000000, 0x0000000770000000|100%|HC|  |TAMS 0x000000076fe00000, 0x000000076fe00000| Complete 
| 896|0x0000000770000000, 0x0000000770200000, 0x0000000770200000|100%|HS|  |TAMS 0x0000000770000000, 0x0000000770000000| Complete 
| 897|0x0000000770200000, 0x0000000770400000, 0x0000000770400000|100%|HC|  |TAMS 0x0000000770200000, 0x0000000770200000| Complete 
| 898|0x0000000770400000, 0x0000000770600000, 0x0000000770600000|100%|HC|  |TAMS 0x0000000770400000, 0x0000000770400000| Complete 
| 899|0x0000000770600000, 0x0000000770800000, 0x0000000770800000|100%|HC|  |TAMS 0x0000000770600000, 0x0000000770600000| Complete 
| 900|0x0000000770800000, 0x0000000770a00000, 0x0000000770a00000|100%|HC|  |TAMS 0x0000000770800000, 0x0000000770800000| Complete 
| 901|0x0000000770a00000, 0x0000000770c00000, 0x0000000770c00000|100%|HC|  |TAMS 0x0000000770a00000, 0x0000000770a00000| Complete 
| 902|0x0000000770c00000, 0x0000000770e00000, 0x0000000770e00000|100%|HC|  |TAMS 0x0000000770c00000, 0x0000000770c00000| Complete 
| 903|0x0000000770e00000, 0x0000000771000000, 0x0000000771000000|100%|HC|  |TAMS 0x0000000770e00000, 0x0000000770e00000| Complete 
| 904|0x0000000771000000, 0x0000000771200000, 0x0000000771200000|100%|HC|  |TAMS 0x0000000771000000, 0x0000000771000000| Complete 
| 905|0x0000000771200000, 0x0000000771400000, 0x0000000771400000|100%|HC|  |TAMS 0x0000000771200000, 0x0000000771200000| Complete 
| 906|0x0000000771400000, 0x0000000771600000, 0x0000000771600000|100%|HC|  |TAMS 0x0000000771400000, 0x0000000771400000| Complete 
| 907|0x0000000771600000, 0x0000000771800000, 0x0000000771800000|100%|HC|  |TAMS 0x0000000771600000, 0x0000000771600000| Complete 
| 908|0x0000000771800000, 0x0000000771a00000, 0x0000000771a00000|100%|HC|  |TAMS 0x0000000771800000, 0x0000000771800000| Complete 
| 909|0x0000000771a00000, 0x0000000771c00000, 0x0000000771c00000|100%|HC|  |TAMS 0x0000000771a00000, 0x0000000771a00000| Complete 
| 910|0x0000000771c00000, 0x0000000771e00000, 0x0000000771e00000|100%|HC|  |TAMS 0x0000000771c00000, 0x0000000771c00000| Complete 
| 911|0x0000000771e00000, 0x0000000772000000, 0x0000000772000000|100%|HC|  |TAMS 0x0000000771e00000, 0x0000000771e00000| Complete 
| 912|0x0000000772000000, 0x0000000772200000, 0x0000000772200000|100%|HC|  |TAMS 0x0000000772000000, 0x0000000772000000| Complete 
| 913|0x0000000772200000, 0x0000000772400000, 0x0000000772400000|100%|HC|  |TAMS 0x0000000772200000, 0x0000000772200000| Complete 
| 914|0x0000000772400000, 0x0000000772600000, 0x0000000772600000|100%|HC|  |TAMS 0x0000000772400000, 0x0000000772400000| Complete 
| 915|0x0000000772600000, 0x0000000772800000, 0x0000000772800000|100%|HC|  |TAMS 0x0000000772600000, 0x0000000772600000| Complete 
| 916|0x0000000772800000, 0x0000000772a00000, 0x0000000772a00000|100%|HC|  |TAMS 0x0000000772800000, 0x0000000772800000| Complete 
| 917|0x0000000772a00000, 0x0000000772c00000, 0x0000000772c00000|100%|HC|  |TAMS 0x0000000772a00000, 0x0000000772a00000| Complete 
| 918|0x0000000772c00000, 0x0000000772e00000, 0x0000000772e00000|100%|HC|  |TAMS 0x0000000772c00000, 0x0000000772c00000| Complete 
| 919|0x0000000772e00000, 0x0000000773000000, 0x0000000773000000|100%|HC|  |TAMS 0x0000000772e00000, 0x0000000772e00000| Complete 
| 920|0x0000000773000000, 0x0000000773200000, 0x0000000773200000|100%|HC|  |TAMS 0x0000000773000000, 0x0000000773000000| Complete 
| 921|0x0000000773200000, 0x0000000773400000, 0x0000000773400000|100%|HC|  |TAMS 0x0000000773200000, 0x0000000773200000| Complete 
| 922|0x0000000773400000, 0x0000000773600000, 0x0000000773600000|100%|HC|  |TAMS 0x0000000773400000, 0x0000000773400000| Complete 
| 923|0x0000000773600000, 0x0000000773800000, 0x0000000773800000|100%|HC|  |TAMS 0x0000000773600000, 0x0000000773600000| Complete 
| 924|0x0000000773800000, 0x0000000773a00000, 0x0000000773a00000|100%|HC|  |TAMS 0x0000000773800000, 0x0000000773800000| Complete 
| 925|0x0000000773a00000, 0x0000000773c00000, 0x0000000773c00000|100%|HC|  |TAMS 0x0000000773a00000, 0x0000000773a00000| Complete 
| 926|0x0000000773c00000, 0x0000000773e00000, 0x0000000773e00000|100%|HC|  |TAMS 0x0000000773c00000, 0x0000000773c00000| Complete 
| 927|0x0000000773e00000, 0x0000000774000000, 0x0000000774000000|100%|HC|  |TAMS 0x0000000773e00000, 0x0000000773e00000| Complete 
| 928|0x0000000774000000, 0x0000000774200000, 0x0000000774200000|100%|HC|  |TAMS 0x0000000774000000, 0x0000000774000000| Complete 
| 929|0x0000000774200000, 0x0000000774200000, 0x0000000774400000|  0%| F|  |TAMS 0x0000000774200000, 0x0000000774200000| Untracked 
| 930|0x0000000774400000, 0x0000000774400000, 0x0000000774600000|  0%| F|  |TAMS 0x0000000774400000, 0x0000000774400000| Untracked 
| 931|0x0000000774600000, 0x0000000774600000, 0x0000000774800000|  0%| F|  |TAMS 0x0000000774600000, 0x0000000774600000| Untracked 
| 932|0x0000000774800000, 0x0000000774800000, 0x0000000774a00000|  0%| F|  |TAMS 0x0000000774800000, 0x0000000774800000| Untracked 
| 933|0x0000000774a00000, 0x0000000774a00000, 0x0000000774c00000|  0%| F|  |TAMS 0x0000000774a00000, 0x0000000774a00000| Untracked 
| 934|0x0000000774c00000, 0x0000000774c00000, 0x0000000774e00000|  0%| F|  |TAMS 0x0000000774c00000, 0x0000000774c00000| Untracked 
| 935|0x0000000774e00000, 0x0000000774e00000, 0x0000000775000000|  0%| F|  |TAMS 0x0000000774e00000, 0x0000000774e00000| Untracked 
| 936|0x0000000775000000, 0x0000000775000000, 0x0000000775200000|  0%| F|  |TAMS 0x0000000775000000, 0x0000000775000000| Untracked 
| 937|0x0000000775200000, 0x0000000775200000, 0x0000000775400000|  0%| F|  |TAMS 0x0000000775200000, 0x0000000775200000| Untracked 
| 938|0x0000000775400000, 0x0000000775400000, 0x0000000775600000|  0%| F|  |TAMS 0x0000000775400000, 0x0000000775400000| Untracked 
| 939|0x0000000775600000, 0x0000000775600000, 0x0000000775800000|  0%| F|  |TAMS 0x0000000775600000, 0x0000000775600000| Untracked 
| 940|0x0000000775800000, 0x0000000775800000, 0x0000000775a00000|  0%| F|  |TAMS 0x0000000775800000, 0x0000000775800000| Untracked 
| 941|0x0000000775a00000, 0x0000000775a00000, 0x0000000775c00000|  0%| F|  |TAMS 0x0000000775a00000, 0x0000000775a00000| Untracked 
| 942|0x0000000775c00000, 0x0000000775c00000, 0x0000000775e00000|  0%| F|  |TAMS 0x0000000775c00000, 0x0000000775c00000| Untracked 
| 943|0x0000000775e00000, 0x0000000775e00000, 0x0000000776000000|  0%| F|  |TAMS 0x0000000775e00000, 0x0000000775e00000| Untracked 
| 944|0x0000000776000000, 0x0000000776000000, 0x0000000776200000|  0%| F|  |TAMS 0x0000000776000000, 0x0000000776000000| Untracked 
| 945|0x0000000776200000, 0x0000000776200000, 0x0000000776400000|  0%| F|  |TAMS 0x0000000776200000, 0x0000000776200000| Untracked 
| 946|0x0000000776400000, 0x0000000776400000, 0x0000000776600000|  0%| F|  |TAMS 0x0000000776400000, 0x0000000776400000| Untracked 
| 947|0x0000000776600000, 0x0000000776600000, 0x0000000776800000|  0%| F|  |TAMS 0x0000000776600000, 0x0000000776600000| Untracked 
| 948|0x0000000776800000, 0x0000000776800000, 0x0000000776a00000|  0%| F|  |TAMS 0x0000000776800000, 0x0000000776800000| Untracked 
| 949|0x0000000776a00000, 0x0000000776a00000, 0x0000000776c00000|  0%| F|  |TAMS 0x0000000776a00000, 0x0000000776a00000| Untracked 
| 950|0x0000000776c00000, 0x0000000776c00000, 0x0000000776e00000|  0%| F|  |TAMS 0x0000000776c00000, 0x0000000776c00000| Untracked 
| 951|0x0000000776e00000, 0x0000000776e00000, 0x0000000777000000|  0%| F|  |TAMS 0x0000000776e00000, 0x0000000776e00000| Untracked 
| 952|0x0000000777000000, 0x0000000777000000, 0x0000000777200000|  0%| F|  |TAMS 0x0000000777000000, 0x0000000777000000| Untracked 
| 953|0x0000000777200000, 0x0000000777200000, 0x0000000777400000|  0%| F|  |TAMS 0x0000000777200000, 0x0000000777200000| Untracked 
| 954|0x0000000777400000, 0x0000000777400000, 0x0000000777600000|  0%| F|  |TAMS 0x0000000777400000, 0x0000000777400000| Untracked 
| 955|0x0000000777600000, 0x0000000777600000, 0x0000000777800000|  0%| F|  |TAMS 0x0000000777600000, 0x0000000777600000| Untracked 
| 956|0x0000000777800000, 0x0000000777800000, 0x0000000777a00000|  0%| F|  |TAMS 0x0000000777800000, 0x0000000777800000| Untracked 
| 957|0x0000000777a00000, 0x0000000777a00000, 0x0000000777c00000|  0%| F|  |TAMS 0x0000000777a00000, 0x0000000777a00000| Untracked 
| 958|0x0000000777c00000, 0x0000000777c00000, 0x0000000777e00000|  0%| F|  |TAMS 0x0000000777c00000, 0x0000000777c00000| Untracked 
| 959|0x0000000777e00000, 0x0000000777e00000, 0x0000000778000000|  0%| F|  |TAMS 0x0000000777e00000, 0x0000000777e00000| Untracked 
| 960|0x0000000778000000, 0x0000000778000000, 0x0000000778200000|  0%| F|  |TAMS 0x0000000778000000, 0x0000000778000000| Untracked 
| 961|0x0000000778200000, 0x0000000778200000, 0x0000000778400000|  0%| F|  |TAMS 0x0000000778200000, 0x0000000778200000| Untracked 
| 962|0x0000000778400000, 0x0000000778400000, 0x0000000778600000|  0%| F|  |TAMS 0x0000000778400000, 0x0000000778400000| Untracked 
| 963|0x0000000778600000, 0x0000000778600000, 0x0000000778800000|  0%| F|  |TAMS 0x0000000778600000, 0x0000000778600000| Untracked 
| 964|0x0000000778800000, 0x0000000778800000, 0x0000000778a00000|  0%| F|  |TAMS 0x0000000778800000, 0x0000000778800000| Untracked 
| 965|0x0000000778a00000, 0x0000000778a00000, 0x0000000778c00000|  0%| F|  |TAMS 0x0000000778a00000, 0x0000000778a00000| Untracked 

Card table byte_map: [0x000002902d640000,0x000002902de40000] _byte_map_base: 0x0000029029e40000

Marking Bits (Prev, Next): (CMBitMap*) 0x00000290146fdd30, (CMBitMap*) 0x00000290146fdd70
 Prev Bits: [0x000002902e640000, 0x0000029032640000)
 Next Bits: [0x0000029032640000, 0x0000029036640000)

Polling page: 0x0000029014390000

Metaspace:

Usage:
  Non-class:    122.70 MB used.
      Class:     19.80 MB used.
       Both:    142.50 MB used.

Virtual space:
  Non-class space:      128.00 MB reserved,     124.06 MB ( 97%) committed,  2 nodes.
      Class space:        1.00 GB reserved,      20.94 MB (  2%) committed,  1 nodes.
             Both:        1.12 GB reserved,     145.00 MB ( 13%) committed. 

Chunk freelists:
   Non-Class:  3.41 MB
       Class:  11.02 MB
        Both:  14.42 MB

MaxMetaspaceSize: unlimited
CompressedClassSpaceSize: 1.00 GB
Initial GC threshold: 21.00 MB
Current GC threshold: 224.69 MB
CDS: on
MetaspaceReclaimPolicy: balanced
 - commit_granule_bytes: 65536.
 - commit_granule_words: 8192.
 - virtual_space_node_default_size: 8388608.
 - enlarge_chunks_in_place: 1.
 - new_chunks_are_fully_committed: 0.
 - uncommit_free_chunks: 1.
 - use_allocation_guard: 0.
 - handle_deallocations: 1.


Internal statistics:

num_allocs_failed_limit: 12.
num_arena_births: 3362.
num_arena_deaths: 12.
num_vsnodes_births: 3.
num_vsnodes_deaths: 0.
num_space_committed: 2320.
num_space_uncommitted: 0.
num_chunks_returned_to_freelist: 39.
num_chunks_taken_from_freelist: 10686.
num_chunk_merges: 11.
num_chunk_splits: 6539.
num_chunks_enlarged: 3653.
num_inconsistent_stats: 0.

CodeHeap 'non-profiled nmethods': size=120000Kb used=18282Kb max_used=18282Kb free=101717Kb
 bounds [0x00000290252f0000, 0x00000290264d0000, 0x000002902c820000]
CodeHeap 'profiled nmethods': size=120000Kb used=41055Kb max_used=41055Kb free=78945Kb
 bounds [0x000002901d820000, 0x0000029020040000, 0x0000029024d50000]
CodeHeap 'non-nmethods': size=5760Kb used=2486Kb max_used=2598Kb free=3273Kb
 bounds [0x0000029024d50000, 0x0000029024ff0000, 0x00000290252f0000]
 total_blobs=22022 nmethods=20991 adapters=942
 compilation: enabled
              stopped_count=0, restarted_count=0
 full_count=0

Compilation events (20 events):
Event: 451.512 Thread 0x0000029038c44860 25236       4       java.util.stream.IntStream::range (24 bytes)
Event: 451.516 Thread 0x0000029038c44860 nmethod 25236 0x00000290264ba490 code [0x00000290264ba620, 0x00000290264ba7c8]
Event: 451.516 Thread 0x0000029038c44860 25237       4       com.google.common.collect.Multimaps::equalsImpl (39 bytes)
Event: 451.520 Thread 0x0000029038c44860 nmethod 25237 0x00000290264ba910 code [0x00000290264baac0, 0x00000290264bac38]
Event: 451.652 Thread 0x0000029038c44860 25238   !   4       java.nio.channels.spi.AbstractInterruptibleChannel::close (37 bytes)
Event: 451.729 Thread 0x0000029038c44860 nmethod 25238 0x00000290264bae10 code [0x00000290264bb0a0, 0x00000290264bd460]
Event: 451.729 Thread 0x0000029038c44860 25239   !   4       org.gradle.internal.snapshot.impl.DirectorySnapshotter$PathVisitor::doVisitFile (194 bytes)
Event: 451.749 Thread 0x0000029038c44860 nmethod 25239 0x00000290264be290 code [0x00000290264be520, 0x00000290264bf0f0]
Event: 451.749 Thread 0x0000029038c44860 25240       4       java.util.stream.Streams$RangeIntSpliterator::forEachRemaining (65 bytes)
Event: 451.792 Thread 0x0000029038c44860 nmethod 25240 0x00000290264bfd10 code [0x00000290264bff60, 0x00000290264c1188]
Event: 451.792 Thread 0x0000029038c44860 25241       4       org.gradle.api.internal.artifacts.ivyservice.DefaultCacheExpirationControl$AbstractResolutionControl::<init> (10 bytes)
Event: 451.795 Thread 0x0000029038c44860 nmethod 25241 0x00000290264c1d90 code [0x00000290264c1f20, 0x00000290264c2198]
Event: 451.806 Thread 0x0000029038c44860 25242   !   4       java.io.BufferedReader::readLine (327 bytes)
Event: 452.000 Thread 0x0000029038c44860 nmethod 25242 0x00000290264c2290 code [0x00000290264c25e0, 0x00000290264c69c0]
Event: 452.282 Thread 0x0000029038c44860 25243       4       sun.nio.cs.UTF_8::newDecoder (9 bytes)
Event: 452.285 Thread 0x0000029038c44860 nmethod 25243 0x00000290264c9190 code [0x00000290264c9320, 0x00000290264c94f8]
Event: 452.774 Thread 0x0000029038c44860 25244 %     4       java.util.regex.Pattern$CharPropertyGreedy::match @ 97 (160 bytes)
Event: 452.791 Thread 0x0000029038c44860 nmethod 25244% 0x00000290264c9610 code [0x00000290264c97c0, 0x00000290264ca078]
Event: 453.163 Thread 0x0000029038c47230 25245       1       org.gradle.workers.internal.WorkerDaemonExpiration$SimpleMemoryExpirationSelector::getReleasedBytes (5 bytes)
Event: 453.163 Thread 0x0000029038c47230 nmethod 25245 0x00000290264ca690 code [0x00000290264ca820, 0x00000290264ca8f8]

GC Heap History (20 events):
Event: 401.055 GC heap before
{Heap before GC invocations=70 (full 0):
 garbage-first heap   total 778240K, used 619519K [0x0000000700000000, 0x0000000800000000)
  region size 2048K, 131 young (268288K), 17 survivors (34816K)
 Metaspace       used 144861K, committed 147520K, reserved 1179648K
  class space    used 20158K, committed 21376K, reserved 1048576K
}
Event: 401.276 GC heap after
{Heap after GC invocations=71 (full 0):
 garbage-first heap   total 778240K, used 410297K [0x0000000700000000, 0x0000000800000000)
  region size 2048K, 12 young (24576K), 12 survivors (24576K)
 Metaspace       used 144861K, committed 147520K, reserved 1179648K
  class space    used 20158K, committed 21376K, reserved 1048576K
}
Event: 442.485 GC heap before
{Heap before GC invocations=71 (full 0):
 garbage-first heap   total 778240K, used 426681K [0x0000000700000000, 0x0000000800000000)
  region size 2048K, 22 young (45056K), 12 survivors (24576K)
 Metaspace       used 144974K, committed 147584K, reserved 1179648K
  class space    used 20176K, committed 21376K, reserved 1048576K
}
Event: 442.538 GC heap after
{Heap after GC invocations=72 (full 0):
 garbage-first heap   total 778240K, used 414720K [0x0000000700000000, 0x0000000800000000)
  region size 2048K, 2 young (4096K), 2 survivors (4096K)
 Metaspace       used 144974K, committed 147584K, reserved 1179648K
  class space    used 20176K, committed 21376K, reserved 1048576K
}
Event: 446.507 GC heap before
{Heap before GC invocations=72 (full 0):
 garbage-first heap   total 778240K, used 676864K [0x0000000700000000, 0x0000000800000000)
  region size 2048K, 32 young (65536K), 2 survivors (4096K)
 Metaspace       used 145103K, committed 147712K, reserved 1179648K
  class space    used 20187K, committed 21376K, reserved 1048576K
}
Event: 446.548 GC heap after
{Heap after GC invocations=73 (full 0):
 garbage-first heap   total 778240K, used 422076K [0x0000000700000000, 0x0000000800000000)
  region size 2048K, 6 young (12288K), 6 survivors (12288K)
 Metaspace       used 145103K, committed 147712K, reserved 1179648K
  class space    used 20187K, committed 21376K, reserved 1048576K
}
Event: 446.881 GC heap before
{Heap before GC invocations=73 (full 0):
 garbage-first heap   total 778240K, used 508092K [0x0000000700000000, 0x0000000800000000)
  region size 2048K, 16 young (32768K), 6 survivors (12288K)
 Metaspace       used 145103K, committed 147712K, reserved 1179648K
  class space    used 20187K, committed 21376K, reserved 1048576K
}
Event: 446.904 GC heap after
{Heap after GC invocations=74 (full 0):
 garbage-first heap   total 778240K, used 446875K [0x0000000700000000, 0x0000000800000000)
  region size 2048K, 8 young (16384K), 8 survivors (16384K)
 Metaspace       used 145103K, committed 147712K, reserved 1179648K
  class space    used 20187K, committed 21376K, reserved 1048576K
}
Event: 447.270 GC heap before
{Heap before GC invocations=74 (full 0):
 garbage-first heap   total 778240K, used 493979K [0x0000000700000000, 0x0000000800000000)
  region size 2048K, 10 young (20480K), 8 survivors (16384K)
 Metaspace       used 145103K, committed 147712K, reserved 1179648K
  class space    used 20187K, committed 21376K, reserved 1048576K
}
Event: 447.293 GC heap after
{Heap after GC invocations=75 (full 0):
 garbage-first heap   total 778240K, used 464286K [0x0000000700000000, 0x0000000800000000)
  region size 2048K, 4 young (8192K), 4 survivors (8192K)
 Metaspace       used 145103K, committed 147712K, reserved 1179648K
  class space    used 20187K, committed 21376K, reserved 1048576K
}
Event: 447.365 GC heap before
{Heap before GC invocations=75 (full 0):
 garbage-first heap   total 778240K, used 468382K [0x0000000700000000, 0x0000000800000000)
  region size 2048K, 6 young (12288K), 4 survivors (8192K)
 Metaspace       used 145113K, committed 147712K, reserved 1179648K
  class space    used 20188K, committed 21376K, reserved 1048576K
}
Event: 447.376 GC heap after
{Heap after GC invocations=76 (full 0):
 garbage-first heap   total 778240K, used 461362K [0x0000000700000000, 0x0000000800000000)
  region size 2048K, 3 young (6144K), 3 survivors (6144K)
 Metaspace       used 145113K, committed 147712K, reserved 1179648K
  class space    used 20188K, committed 21376K, reserved 1048576K
}
Event: 448.400 GC heap before
{Heap before GC invocations=76 (full 0):
 garbage-first heap   total 778240K, used 752178K [0x0000000700000000, 0x0000000800000000)
  region size 2048K, 21 young (43008K), 3 survivors (6144K)
 Metaspace       used 145266K, committed 147840K, reserved 1179648K
  class space    used 20202K, committed 21376K, reserved 1048576K
}
Event: 448.438 GC heap after
{Heap after GC invocations=77 (full 0):
 garbage-first heap   total 915456K, used 513621K [0x0000000700000000, 0x0000000800000000)
  region size 2048K, 7 young (14336K), 7 survivors (14336K)
 Metaspace       used 145266K, committed 147840K, reserved 1179648K
  class space    used 20202K, committed 21376K, reserved 1048576K
}
Event: 449.538 GC heap before
{Heap before GC invocations=77 (full 0):
 garbage-first heap   total 915456K, used 880213K [0x0000000700000000, 0x0000000800000000)
  region size 2048K, 32 young (65536K), 7 survivors (14336K)
 Metaspace       used 145482K, committed 148032K, reserved 1179648K
  class space    used 20222K, committed 21376K, reserved 1048576K
}
Event: 449.564 GC heap after
{Heap after GC invocations=78 (full 0):
 garbage-first heap   total 915456K, used 566377K [0x0000000700000000, 0x0000000800000000)
  region size 2048K, 8 young (16384K), 8 survivors (16384K)
 Metaspace       used 145482K, committed 148032K, reserved 1179648K
  class space    used 20222K, committed 21376K, reserved 1048576K
}
Event: 450.476 GC heap before
{Heap before GC invocations=78 (full 0):
 garbage-first heap   total 915456K, used 726121K [0x0000000700000000, 0x0000000800000000)
  region size 2048K, 87 young (178176K), 8 survivors (16384K)
 Metaspace       used 145913K, committed 148480K, reserved 1179648K
  class space    used 20269K, committed 21440K, reserved 1048576K
}
Event: 450.502 GC heap after
{Heap after GC invocations=79 (full 0):
 garbage-first heap   total 915456K, used 591636K [0x0000000700000000, 0x0000000800000000)
  region size 2048K, 11 young (22528K), 11 survivors (22528K)
 Metaspace       used 145913K, committed 148480K, reserved 1179648K
  class space    used 20269K, committed 21440K, reserved 1048576K
}
Event: 451.824 GC heap before
{Heap before GC invocations=79 (full 0):
 garbage-first heap   total 983040K, used 821012K [0x0000000700000000, 0x0000000800000000)
  region size 2048K, 55 young (112640K), 11 survivors (22528K)
 Metaspace       used 145915K, committed 148480K, reserved 1179648K
  class space    used 20270K, committed 21440K, reserved 1048576K
}
Event: 451.835 GC heap after
{Heap after GC invocations=80 (full 0):
 garbage-first heap   total 983040K, used 665293K [0x0000000700000000, 0x0000000800000000)
  region size 2048K, 4 young (8192K), 4 survivors (8192K)
 Metaspace       used 145915K, committed 148480K, reserved 1179648K
  class space    used 20270K, committed 21440K, reserved 1048576K
}

Dll operation events (15 events):
Event: 0.037 Loaded shared library C:\Program Files\Eclipse Adoptium\jdk-17.0.20.8-hotspot\bin\java.dll
Event: 0.083 Loaded shared library C:\Program Files\Eclipse Adoptium\jdk-17.0.20.8-hotspot\bin\jsvml.dll
Event: 0.272 Loaded shared library C:\Program Files\Eclipse Adoptium\jdk-17.0.20.8-hotspot\bin\zip.dll
Event: 0.279 Loaded shared library C:\Program Files\Eclipse Adoptium\jdk-17.0.20.8-hotspot\bin\instrument.dll
Event: 0.285 Loaded shared library C:\Program Files\Eclipse Adoptium\jdk-17.0.20.8-hotspot\bin\net.dll
Event: 0.288 Loaded shared library C:\Program Files\Eclipse Adoptium\jdk-17.0.20.8-hotspot\bin\nio.dll
Event: 0.293 Loaded shared library C:\Program Files\Eclipse Adoptium\jdk-17.0.20.8-hotspot\bin\zip.dll
Event: 1.434 Loaded shared library C:\Program Files\Eclipse Adoptium\jdk-17.0.20.8-hotspot\bin\jimage.dll
Event: 2.148 Loaded shared library C:\Program Files\Eclipse Adoptium\jdk-17.0.20.8-hotspot\bin\verify.dll
Event: 2.369 Loaded shared library C:\Users\hp\.gradle\native\1def1411415f61bf3af743bc5b6707747c0891f09f0c88961ee8f79bc544acac\windows-amd64\native-platform.dll
Event: 2.403 Loaded shared library C:\Users\hp\.gradle\native\0.2.7\x86_64-windows-gnu\gradle-fileevents.dll
Event: 5.424 Loaded shared library C:\Program Files\Eclipse Adoptium\jdk-17.0.20.8-hotspot\bin\management.dll
Event: 5.428 Loaded shared library C:\Program Files\Eclipse Adoptium\jdk-17.0.20.8-hotspot\bin\management_ext.dll
Event: 6.105 Loaded shared library C:\Program Files\Eclipse Adoptium\jdk-17.0.20.8-hotspot\bin\extnet.dll
Event: 7.372 Loaded shared library C:\Program Files\Eclipse Adoptium\jdk-17.0.20.8-hotspot\bin\sunmscapi.dll

Deoptimization events (20 events):
Event: 448.586 Thread 0x000002900349dfe0 Uncommon trap: trap_request=0xffffffc6 fr.pc=0x000002902646f870 relative=0x0000000000000c50
Event: 448.586 Thread 0x000002900349dfe0 Uncommon trap: reason=bimorphic_or_optimized_type_check action=maybe_recompile pc=0x000002902646f870 method=java.util.regex.Pattern$CharPredicate.lambda$negate$3(I)Z @ 2 c2
Event: 448.586 Thread 0x000002900349dfe0 DEOPT PACKING pc=0x000002902646f870 sp=0x000000be98cfb910
Event: 448.586 Thread 0x000002900349dfe0 DEOPT UNPACKING pc=0x0000029024da69a3 sp=0x000000be98cfb7e0 mode 2
Event: 448.586 Thread 0x000002900349dfe0 Uncommon trap: trap_request=0xffffffc6 fr.pc=0x000002902646f870 relative=0x0000000000000c50
Event: 448.586 Thread 0x000002900349dfe0 Uncommon trap: reason=bimorphic_or_optimized_type_check action=maybe_recompile pc=0x000002902646f870 method=java.util.regex.Pattern$CharPredicate.lambda$negate$3(I)Z @ 2 c2
Event: 448.586 Thread 0x000002900349dfe0 DEOPT PACKING pc=0x000002902646f870 sp=0x000000be98cfb910
Event: 448.586 Thread 0x000002900349dfe0 DEOPT UNPACKING pc=0x0000029024da69a3 sp=0x000000be98cfb7e0 mode 2
Event: 448.977 Thread 0x000002900349dfe0 Uncommon trap: trap_request=0xffffff45 fr.pc=0x00000290259c2cc4 relative=0x0000000000000104
Event: 448.977 Thread 0x000002900349dfe0 Uncommon trap: reason=unstable_if action=reinterpret pc=0x00000290259c2cc4 method=org.gradle.internal.execution.DefaultWorkExecutionTracker$OperationListener.finished(Lorg/gradle/internal/operations/BuildOperationDescriptor;Lorg/gradle/internal/operations
Event: 448.977 Thread 0x000002900349dfe0 DEOPT PACKING pc=0x00000290259c2cc4 sp=0x000000be98cfc320
Event: 448.977 Thread 0x000002900349dfe0 DEOPT UNPACKING pc=0x0000029024da69a3 sp=0x000000be98cfc298 mode 2
Event: 449.994 Thread 0x00000290034a35f0 Uncommon trap: trap_request=0xffffff45 fr.pc=0x0000029025e8a5b0 relative=0x0000000000000190
Event: 449.994 Thread 0x00000290034a35f0 Uncommon trap: reason=unstable_if action=reinterpret pc=0x0000029025e8a5b0 method=java.util.stream.Collector.of(Ljava/util/function/Supplier;Ljava/util/function/BiConsumer;Ljava/util/function/BinaryOperator;Ljava/util/function/Function;[Ljava/util/stream/
Event: 449.994 Thread 0x00000290034a35f0 DEOPT PACKING pc=0x0000029025e8a5b0 sp=0x000000be999f72b0
Event: 449.994 Thread 0x00000290034a35f0 DEOPT UNPACKING pc=0x0000029024da69a3 sp=0x000000be999f7278 mode 2
Event: 450.304 Thread 0x00000290034a35f0 Uncommon trap: trap_request=0xffffff45 fr.pc=0x00000290254e9204 relative=0x0000000000000064
Event: 450.304 Thread 0x00000290034a35f0 Uncommon trap: reason=unstable_if action=reinterpret pc=0x00000290254e9204 method=java.util.zip.ZipFile$ZipEntryIterator.hasNext()Z @ 8 c2
Event: 450.304 Thread 0x00000290034a35f0 DEOPT PACKING pc=0x00000290254e9204 sp=0x000000be999f8e40
Event: 450.304 Thread 0x00000290034a35f0 DEOPT UNPACKING pc=0x0000029024da69a3 sp=0x000000be999f8d78 mode 2

Classes loaded (20 events):
Event: 448.494 Loading class javax/xml/stream/FactoryFinder$1
Event: 448.494 Loading class javax/xml/stream/FactoryFinder$1 done
Event: 448.496 Loading class com/sun/xml/internal/stream/XMLInputFactoryImpl
Event: 448.500 Loading class com/sun/xml/internal/stream/XMLInputFactoryImpl done
Event: 448.501 Loading class com/sun/org/apache/xerces/internal/impl/PropertyManager
Event: 448.502 Loading class com/sun/org/apache/xerces/internal/impl/PropertyManager done
Event: 448.504 Loading class com/sun/org/apache/xerces/internal/impl/XMLStreamReaderImpl
Event: 448.506 Loading class javax/xml/stream/XMLStreamReader
Event: 448.507 Loading class javax/xml/stream/XMLStreamConstants
Event: 448.507 Loading class javax/xml/stream/XMLStreamConstants done
Event: 448.507 Loading class javax/xml/stream/XMLStreamReader done
Event: 448.508 Loading class com/sun/org/apache/xerces/internal/impl/XMLStreamReaderImpl done
Event: 448.564 Loading class com/sun/org/apache/xerces/internal/util/NamespaceContextWrapper
Event: 448.565 Loading class com/sun/org/apache/xerces/internal/util/NamespaceContextWrapper done
Event: 448.565 Loading class com/sun/xml/internal/stream/StaxErrorReporter
Event: 448.567 Loading class com/sun/xml/internal/stream/StaxErrorReporter done
Event: 448.575 Loading class java/util/regex/Pattern$1
Event: 448.576 Loading class java/util/regex/Pattern$1 done
Event: 450.089 Loading class java/io/BufferedReader$1
Event: 450.089 Loading class java/io/BufferedReader$1 done

Classes unloaded (20 events):
Event: 257.037 Thread 0x0000029038c1bd10 Unloading class 0x000002903ad9a3e8 '_BuildScript_$_run_closure2$_closure5'
Event: 257.037 Thread 0x0000029038c1bd10 Unloading class 0x000002903ad9a000 '_BuildScript_$_run_closure2$_closure4$_closure11'
Event: 257.037 Thread 0x0000029038c1bd10 Unloading class 0x000002903ad99bb8 '_BuildScript_$_run_closure2$_closure4$_closure10'
Event: 257.037 Thread 0x0000029038c1bd10 Unloading class 0x000002903ad997d0 '_BuildScript_$_run_closure2$_closure4$_closure9'
Event: 257.037 Thread 0x0000029038c1bd10 Unloading class 0x000002903ad993e8 '_BuildScript_$_run_closure2$_closure4$_closure8'
Event: 257.037 Thread 0x0000029038c1bd10 Unloading class 0x000002903ad99000 '_BuildScript_$_run_closure2$_closure4'
Event: 257.037 Thread 0x0000029038c1bd10 Unloading class 0x000002903ad93c00 '_BuildScript_$_run_closure2$_closure3'
Event: 257.037 Thread 0x0000029038c1bd10 Unloading class 0x000002903ad98920 '_BuildScript_$_run_closure2'
Event: 257.037 Thread 0x0000029038c1bd10 Unloading class 0x000002903ad98538 '_BuildScript_$_run_closure1'
Event: 257.037 Thread 0x0000029038c1bd10 Unloading class 0x000002903ad98000 '_BuildScript_'
Event: 257.037 Thread 0x0000029038c1bd10 Unloading class 0x000002903ad657d0 '_BuildScript_$_run_closure1$_closure4'
Event: 257.037 Thread 0x0000029038c1bd10 Unloading class 0x000002903ad653e8 '_BuildScript_$_run_closure1$_closure3$_closure5'
Event: 257.037 Thread 0x0000029038c1bd10 Unloading class 0x000002903ad65000 '_BuildScript_$_run_closure1$_closure3'
Event: 257.037 Thread 0x0000029038c1bd10 Unloading class 0x000002903ad64920 '_BuildScript_$_run_closure1$_closure2'
Event: 257.037 Thread 0x0000029038c1bd10 Unloading class 0x000002903ad64538 '_BuildScript_$_run_closure1'
Event: 257.037 Thread 0x0000029038c1bd10 Unloading class 0x000002903ad64000 '_BuildScript_'
Event: 257.037 Thread 0x0000029038c1bd10 Unloading class 0x000002903ab88c00 'jdk/internal/reflect/GeneratedSerializationConstructorAccessor60'
Event: 257.037 Thread 0x0000029038c1bd10 Unloading class 0x000002903ab4c400 'java/lang/invoke/LambdaForm$DMH+0x000002903ab4c400'
Event: 257.037 Thread 0x0000029038c1bd10 Unloading class 0x000002903ab30c00 'java/lang/invoke/LambdaForm$MH+0x000002903ab30c00'
Event: 257.037 Thread 0x0000029038c1bd10 Unloading class 0x000002903ab30400 'java/lang/invoke/LambdaForm$DMH+0x000002903ab30400'

Classes redefined (0 events):
No events

Internal exceptions (20 events):
Event: 321.412 Thread 0x00000290034a3b00 Exception <a 'sun/nio/fs/WindowsException'{0x00000007254da740}> (0x00000007254da740) 
thrown [s\src\hotspot\share\prims\jni.cpp, line 516]
Event: 322.006 Thread 0x0000029004bddd20 Exception <a 'sun/nio/fs/WindowsException'{0x000000072554ea58}> (0x000000072554ea58) 
thrown [s\src\hotspot\share\prims\jni.cpp, line 516]
Event: 322.613 Thread 0x00000290034a35f0 Exception <a 'sun/nio/fs/WindowsException'{0x000000072522a468}> (0x000000072522a468) 
thrown [s\src\hotspot\share\prims\jni.cpp, line 516]
Event: 323.094 Thread 0x00000290034a3b00 Exception <a 'sun/nio/fs/WindowsException'{0x00000007252e6df0}> (0x00000007252e6df0) 
thrown [s\src\hotspot\share\prims\jni.cpp, line 516]
Event: 324.117 Thread 0x00000290034a35f0 Exception <a 'sun/nio/fs/WindowsException'{0x000000072511c560}> (0x000000072511c560) 
thrown [s\src\hotspot\share\prims\jni.cpp, line 516]
Event: 324.633 Thread 0x00000290034a3b00 Exception <a 'sun/nio/fs/WindowsException'{0x000000072516edf0}> (0x000000072516edf0) 
thrown [s\src\hotspot\share\prims\jni.cpp, line 516]
Event: 325.325 Thread 0x0000029004bddd20 Exception <a 'sun/nio/fs/WindowsException'{0x00000007253715f8}> (0x00000007253715f8) 
thrown [s\src\hotspot\share\prims\jni.cpp, line 516]
Event: 325.325 Thread 0x00000290034a35f0 Exception <a 'sun/nio/fs/WindowsException'{0x0000000724e89110}> (0x0000000724e89110) 
thrown [s\src\hotspot\share\prims\jni.cpp, line 516]
Event: 326.214 Thread 0x00000290034a3b00 Exception <a 'sun/nio/fs/WindowsException'{0x0000000724f43bd0}> (0x0000000724f43bd0) 
thrown [s\src\hotspot\share\prims\jni.cpp, line 516]
Event: 326.836 Thread 0x00000290034a35f0 Exception <a 'sun/nio/fs/WindowsException'{0x0000000724da7960}> (0x0000000724da7960) 
thrown [s\src\hotspot\share\prims\jni.cpp, line 516]
Event: 327.757 Thread 0x00000290034a3b00 Exception <a 'sun/nio/fs/WindowsException'{0x0000000724a30b78}> (0x0000000724a30b78) 
thrown [s\src\hotspot\share\prims\jni.cpp, line 516]
Event: 328.087 Thread 0x00000290034a35f0 Exception <a 'sun/nio/fs/WindowsException'{0x0000000724b425d0}> (0x0000000724b425d0) 
thrown [s\src\hotspot\share\prims\jni.cpp, line 516]
Event: 328.521 Thread 0x00000290034a3b00 Exception <a 'sun/nio/fs/WindowsException'{0x0000000724b87228}> (0x0000000724b87228) 
thrown [s\src\hotspot\share\prims\jni.cpp, line 516]
Event: 330.518 Thread 0x0000029004bddd20 Exception <a 'sun/nio/fs/WindowsException'{0x0000000724c5d800}> (0x0000000724c5d800) 
thrown [s\src\hotspot\share\prims\jni.cpp, line 516]
Event: 345.525 Thread 0x00000290034a3b00 Exception <a 'java/lang/NoSuchMethodError'{0x0000000722466bb0}: static Lcom/android/build/api/variant/BuildConfigField;.<clinit>()V> (0x0000000722466bb0) 
thrown [s\src\hotspot\share\prims\jni.cpp, line 1112]
Event: 444.091 Thread 0x0000029004bddd20 Exception <a 'java/lang/NoSuchMethodError'{0x000000072f6381e8}: static Ljava/lang/Object;.<clinit>()V> (0x000000072f6381e8) 
thrown [s\src\hotspot\share\prims\jni.cpp, line 1112]
Event: 445.521 Thread 0x0000029003d09900 Exception <a 'sun/nio/fs/WindowsException'{0x000000072dd4dca0}> (0x000000072dd4dca0) 
thrown [s\src\hotspot\share\prims\jni.cpp, line 516]
Event: 448.663 Thread 0x000002900349dfe0 Exception <a 'sun/nio/fs/WindowsException'{0x000000073787ab28}> (0x000000073787ab28) 
thrown [s\src\hotspot\share\prims\jni.cpp, line 516]
Event: 449.569 Thread 0x00000290034a35f0 Exception <a 'sun/nio/fs/WindowsException'{0x0000000737c1ff68}> (0x0000000737c1ff68) 
thrown [s\src\hotspot\share\prims\jni.cpp, line 516]
Event: 449.589 Thread 0x00000290034a35f0 Exception <a 'sun/nio/fs/WindowsException'{0x0000000737ae9b40}> (0x0000000737ae9b40) 
thrown [s\src\hotspot\share\prims\jni.cpp, line 516]

VM Operations (20 events):
Event: 447.770 Executing VM operation: HandshakeAllThreads
Event: 447.815 Executing VM operation: HandshakeAllThreads done
Event: 447.983 Executing VM operation: G1CollectForAllocation
Event: 448.439 Executing VM operation: G1CollectForAllocation done
Event: 448.572 Executing VM operation: HandshakeAllThreads
Event: 448.573 Executing VM operation: HandshakeAllThreads done
Event: 448.608 Executing VM operation: HandshakeAllThreads
Event: 448.608 Executing VM operation: HandshakeAllThreads done
Event: 449.389 Executing VM operation: G1CollectForAllocation
Event: 449.564 Executing VM operation: G1CollectForAllocation done
Event: 450.393 Executing VM operation: G1CollectForAllocation
Event: 450.502 Executing VM operation: G1CollectForAllocation done
Event: 451.502 Executing VM operation: Cleanup
Event: 451.556 Executing VM operation: Cleanup done
Event: 451.793 Executing VM operation: G1CollectForAllocation
Event: 451.837 Executing VM operation: G1CollectForAllocation done
Event: 452.839 Executing VM operation: Cleanup
Event: 452.964 Executing VM operation: Cleanup done
Event: 454.992 Executing VM operation: Cleanup
Event: 455.397 Executing VM operation: Cleanup done

Memory protections (0 events):
No events

Nmethod flushes (20 events):
Event: 274.107 Thread 0x0000029038c7e2e0 flushing  nmethod 0x000002901f374110
Event: 274.107 Thread 0x0000029038c7e2e0 flushing  nmethod 0x000002901f3bf410
Event: 274.107 Thread 0x0000029038c7e2e0 flushing  nmethod 0x000002901f3e8e90
Event: 274.108 Thread 0x0000029038c7e2e0 flushing  nmethod 0x000002901f4d6490
Event: 274.108 Thread 0x0000029038c7e2e0 flushing  nmethod 0x000002901f519090
Event: 274.109 Thread 0x0000029038c7e2e0 flushing  nmethod 0x000002901f5e1a90
Event: 274.109 Thread 0x0000029038c7e2e0 flushing  nmethod 0x000002901f622990
Event: 274.109 Thread 0x0000029038c7e2e0 flushing  nmethod 0x000002901f623c90
Event: 274.109 Thread 0x0000029038c7e2e0 flushing  nmethod 0x000002901f629190
Event: 274.109 Thread 0x0000029038c7e2e0 flushing  nmethod 0x000002901f62ae10
Event: 274.110 Thread 0x0000029038c7e2e0 flushing  nmethod 0x000002901f74fc90
Event: 274.110 Thread 0x0000029038c7e2e0 flushing  nmethod 0x000002901f754f10
Event: 274.111 Thread 0x0000029038c7e2e0 flushing  nmethod 0x000002901f7ea490
Event: 274.111 Thread 0x0000029038c7e2e0 flushing  nmethod 0x000002901f7eda90
Event: 274.111 Thread 0x0000029038c7e2e0 flushing  nmethod 0x000002901f805d90
Event: 274.111 Thread 0x0000029038c7e2e0 flushing  nmethod 0x000002901f891690
Event: 274.111 Thread 0x0000029038c7e2e0 flushing  nmethod 0x000002901f8ae010
Event: 274.111 Thread 0x0000029038c7e2e0 flushing  nmethod 0x000002901f906f10
Event: 303.007 Thread 0x0000029038c7e2e0 flushing  nmethod 0x00000290259f9390
Event: 303.016 Thread 0x0000029038c7e2e0 flushing  nmethod 0x000002902605b190

Events (20 events):
Event: 260.489 Thread 0x0000029004458f30 Thread exited: 0x0000029004458f30
Event: 272.312 Thread 0x000002907f85fe70 Thread added: 0x0000029004bdf160
Event: 272.314 Thread 0x0000029004bdf160 Thread added: 0x0000029004be0ab0
Event: 272.314 Thread 0x0000029004bdf160 Thread added: 0x0000029004bdd810
Event: 293.716 Thread 0x0000029038c47230 Thread added: 0x000002900445e980
Event: 299.016 Thread 0x000002907f85fe70 Thread added: 0x0000029004bddd20
Event: 299.026 Thread 0x0000029003d09900 Thread added: 0x0000029004be2910
Event: 299.403 Thread 0x000002900445e980 Thread exited: 0x000002900445e980
Event: 299.426 Thread 0x0000029038c47230 Thread added: 0x000002907e3c1630
Event: 302.843 Thread 0x000002907e3c1630 Thread exited: 0x000002907e3c1630
Event: 314.423 Thread 0x0000029038c44860 Thread added: 0x000002907e3c1630
Event: 314.867 Thread 0x000002907e3c1630 Thread exited: 0x000002907e3c1630
Event: 346.423 Thread 0x0000029038c47230 Thread added: 0x000002900445fec0
Event: 347.116 Thread 0x000002900445fec0 Thread exited: 0x000002900445fec0
Event: 355.108 Thread 0x0000029004bdd810 Thread exited: 0x0000029004bdd810
Event: 415.109 Thread 0x0000029004bdf160 Thread exited: 0x0000029004bdf160
Event: 442.434 Thread 0x0000029038c44860 Thread added: 0x000002900445e980
Event: 442.590 Thread 0x000002900445e980 Thread exited: 0x000002900445e980
Event: 445.872 Thread 0x0000029038c47230 Thread added: 0x000002900445e980
Event: 446.593 Thread 0x000002900445e980 Thread exited: 0x000002900445e980


Dynamic libraries:
0x00007ff753370000 - 0x00007ff75337e000 	C:\Program Files\Eclipse Adoptium\jdk-17.0.20.8-hotspot\bin\java.exe
0x00007ffe1f640000 - 0x00007ffe1f8a6000 	C:\WINDOWS\SYSTEM32\ntdll.dll
0x00007ffe1da80000 - 0x00007ffe1db49000 	C:\WINDOWS\System32\KERNEL32.DLL
0x00007ffe1ce00000 - 0x00007ffe1d1ff000 	C:\WINDOWS\System32\KERNELBASE.dll
0x00007ffe1cca0000 - 0x00007ffe1cdec000 	C:\WINDOWS\System32\ucrtbase.dll
0x00007ffe0a830000 - 0x00007ffe0a84e000 	C:\Program Files\Eclipse Adoptium\jdk-17.0.20.8-hotspot\bin\VCRUNTIME140.dll
0x00007ffe0a850000 - 0x00007ffe0a868000 	C:\Program Files\Eclipse Adoptium\jdk-17.0.20.8-hotspot\bin\jli.dll
0x00007ffe1d500000 - 0x00007ffe1d6c6000 	C:\WINDOWS\System32\USER32.dll
0x00007ffe1d210000 - 0x00007ffe1d237000 	C:\WINDOWS\System32\win32u.dll
0x00007ffe04760000 - 0x00007ffe049f1000 	C:\WINDOWS\WinSxS\amd64_microsoft.windows.common-controls_6595b64144ccf1df_6.0.26100.8972_none_3e0da176e32f9d4b\COMCTL32.dll
0x00007ffe1e9a0000 - 0x00007ffe1ea49000 	C:\WINDOWS\System32\msvcrt.dll
0x00007ffe1f5d0000 - 0x00007ffe1f5fb000 	C:\WINDOWS\System32\GDI32.dll
0x00007ffe1d240000 - 0x00007ffe1d369000 	C:\WINDOWS\System32\gdi32full.dll
0x00007ffe1caa0000 - 0x00007ffe1cb43000 	C:\WINDOWS\System32\msvcp_win.dll
0x00007ffe1da40000 - 0x00007ffe1da72000 	C:\WINDOWS\System32\IMM32.DLL
0x00007ffe19180000 - 0x00007ffe1918c000 	C:\Program Files\Eclipse Adoptium\jdk-17.0.20.8-hotspot\bin\vcruntime140_1.dll
0x00007ffdffb20000 - 0x00007ffdffbad000 	C:\Program Files\Eclipse Adoptium\jdk-17.0.20.8-hotspot\bin\msvcp140.dll
0x00007ffdb33a0000 - 0x00007ffdb400c000 	C:\Program Files\Eclipse Adoptium\jdk-17.0.20.8-hotspot\bin\server\jvm.dll
0x00007ffe1ddc0000 - 0x00007ffe1de7c000 	C:\WINDOWS\System32\ADVAPI32.dll
0x00007ffe1e8f0000 - 0x00007ffe1e99a000 	C:\WINDOWS\System32\sechost.dll
0x00007ffe1e030000 - 0x00007ffe1e148000 	C:\WINDOWS\System32\RPCRT4.dll
0x00007ffe1ef90000 - 0x00007ffe1f012000 	C:\WINDOWS\System32\WS2_32.dll
0x00007ffe1c6d0000 - 0x00007ffe1c72e000 	C:\WINDOWS\SYSTEM32\POWRPROF.dll
0x00007ffe00020000 - 0x00007ffe00056000 	C:\WINDOWS\SYSTEM32\WINMM.dll
0x00007ffe14950000 - 0x00007ffe1495b000 	C:\WINDOWS\SYSTEM32\VERSION.dll
0x00007ffe1c6b0000 - 0x00007ffe1c6c5000 	C:\WINDOWS\SYSTEM32\UMPDC.dll
0x00007ffe1b540000 - 0x00007ffe1b55b000 	C:\WINDOWS\SYSTEM32\kernel.appcore.dll
0x00007ffe15bd0000 - 0x00007ffe15bda000 	C:\Program Files\Eclipse Adoptium\jdk-17.0.20.8-hotspot\bin\jimage.dll
0x00007ffe19de0000 - 0x00007ffe1a022000 	C:\WINDOWS\SYSTEM32\DBGHELP.DLL
0x00007ffe1f1b0000 - 0x00007ffe1f535000 	C:\WINDOWS\System32\combase.dll
0x00007ffe1de90000 - 0x00007ffe1df69000 	C:\WINDOWS\System32\OLEAUT32.dll
0x00007ffdfe700000 - 0x00007ffdfe73b000 	C:\WINDOWS\SYSTEM32\dbgcore.DLL
0x00007ffe1c9e0000 - 0x00007ffe1ca8c000 	C:\WINDOWS\System32\bcryptPrimitives.dll
0x00007ffdfdc00000 - 0x00007ffdfdc0e000 	C:\Program Files\Eclipse Adoptium\jdk-17.0.20.8-hotspot\bin\instrument.dll
0x00007ffe0a800000 - 0x00007ffe0a825000 	C:\Program Files\Eclipse Adoptium\jdk-17.0.20.8-hotspot\bin\java.dll
0x00007ffdfdca0000 - 0x00007ffdfdd77000 	C:\Program Files\Eclipse Adoptium\jdk-17.0.20.8-hotspot\bin\jsvml.dll
0x00007ffe1e160000 - 0x00007ffe1e8e8000 	C:\WINDOWS\System32\SHELL32.dll
0x00007ffe1a340000 - 0x00007ffe1abdb000 	C:\WINDOWS\SYSTEM32\windows.storage.dll
0x00007ffe1d870000 - 0x00007ffe1d969000 	C:\WINDOWS\System32\SHCORE.dll
0x00007ffe1dfc0000 - 0x00007ffe1e026000 	C:\WINDOWS\System32\shlwapi.dll
0x00007ffe1c770000 - 0x00007ffe1c799000 	C:\WINDOWS\SYSTEM32\profapi.dll
0x00007ffdfdc60000 - 0x00007ffdfdc78000 	C:\Program Files\Eclipse Adoptium\jdk-17.0.20.8-hotspot\bin\zip.dll
0x00007ffdfde30000 - 0x00007ffdfde4a000 	C:\Program Files\Eclipse Adoptium\jdk-17.0.20.8-hotspot\bin\net.dll
0x00007ffe0f310000 - 0x00007ffe0f438000 	C:\WINDOWS\SYSTEM32\WINHTTP.dll
0x00007ffe1baf0000 - 0x00007ffe1bb5c000 	C:\WINDOWS\system32\mswsock.dll
0x00007ffdfdc80000 - 0x00007ffdfdc96000 	C:\Program Files\Eclipse Adoptium\jdk-17.0.20.8-hotspot\bin\nio.dll
0x00007ffe0a7f0000 - 0x00007ffe0a800000 	C:\Program Files\Eclipse Adoptium\jdk-17.0.20.8-hotspot\bin\verify.dll
0x00007ffdfdc30000 - 0x00007ffdfdc57000 	C:\Users\hp\.gradle\native\1def1411415f61bf3af743bc5b6707747c0891f09f0c88961ee8f79bc544acac\windows-amd64\native-platform.dll
0x00007ffdfcd90000 - 0x00007ffdfce08000 	C:\Users\hp\.gradle\native\0.2.7\x86_64-windows-gnu\gradle-fileevents.dll
0x00007ffdffb10000 - 0x00007ffdffb1a000 	C:\Program Files\Eclipse Adoptium\jdk-17.0.20.8-hotspot\bin\management.dll
0x00007ffdfdc20000 - 0x00007ffdfdc2c000 	C:\Program Files\Eclipse Adoptium\jdk-17.0.20.8-hotspot\bin\management_ext.dll
0x00007ffe1e150000 - 0x00007ffe1e158000 	C:\WINDOWS\System32\PSAPI.DLL
0x00007ffe1af10000 - 0x00007ffe1af43000 	C:\WINDOWS\SYSTEM32\IPHLPAPI.DLL
0x00007ffe1db50000 - 0x00007ffe1db5a000 	C:\WINDOWS\System32\NSI.dll
0x00007ffe0f650000 - 0x00007ffe0f66d000 	C:\WINDOWS\SYSTEM32\dhcpcsvc6.DLL
0x00007ffe0f2e0000 - 0x00007ffe0f305000 	C:\WINDOWS\SYSTEM32\dhcpcsvc.DLL
0x00007ffe1afa0000 - 0x00007ffe1b0f8000 	C:\WINDOWS\SYSTEM32\DNSAPI.dll
0x00007ffe1b8f0000 - 0x00007ffe1b8fd000 	C:\WINDOWS\SYSTEM32\DSPARSE.dll
0x00007ffdfdc10000 - 0x00007ffdfdc19000 	C:\Program Files\Eclipse Adoptium\jdk-17.0.20.8-hotspot\bin\extnet.dll
0x00007ffe1bde0000 - 0x00007ffe1bdfb000 	C:\WINDOWS\SYSTEM32\CRYPTSP.dll
0x00007ffe1b4a0000 - 0x00007ffe1b4d9000 	C:\WINDOWS\system32\rsaenh.dll
0x00007ffe1bba0000 - 0x00007ffe1bbd2000 	C:\WINDOWS\SYSTEM32\USERENV.dll
0x00007ffe1c740000 - 0x00007ffe1c76a000 	C:\WINDOWS\SYSTEM32\bcrypt.dll
0x00007ffe1be00000 - 0x00007ffe1be0c000 	C:\WINDOWS\SYSTEM32\CRYPTBASE.dll
0x00007ffdfdbb0000 - 0x00007ffdfdbbe000 	C:\Program Files\Eclipse Adoptium\jdk-17.0.20.8-hotspot\bin\sunmscapi.dll
0x00007ffe1c850000 - 0x00007ffe1c9ce000 	C:\WINDOWS\System32\CRYPT32.dll
0x00007ffe1c020000 - 0x00007ffe1c050000 	C:\WINDOWS\SYSTEM32\ncrypt.dll
0x00007ffe1bfd0000 - 0x00007ffe1c00f000 	C:\WINDOWS\SYSTEM32\NTASN1.dll
0x00007ffdbcd80000 - 0x00007ffdbcd88000 	C:\WINDOWS\system32\wshunix.dll
0x00007ffdac160000 - 0x00007ffdac178000 	C:\WINDOWS\system32\napinsp.dll
0x00007ffdac140000 - 0x00007ffdac153000 	C:\WINDOWS\System32\winrnr.dll
0x00007ffde9a10000 - 0x00007ffde9a32000 	C:\WINDOWS\system32\nlansp_c.dll
0x00007ffe0f740000 - 0x00007ffe0f756000 	C:\WINDOWS\system32\wshbth.dll
0x00007ffe01760000 - 0x00007ffe0176b000 	C:\Windows\System32\rasadhlp.dll
0x00007ffe0d100000 - 0x00007ffe0d186000 	C:\WINDOWS\System32\fwpuclnt.dll
0x00007ffe1b670000 - 0x00007ffe1b6a6000 	C:\WINDOWS\SYSTEM32\ntmarta.dll

dbghelp: loaded successfully - version: 4.0.5 - missing functions: none
symbol engine: initialized successfully - sym options: 0x614 - pdb path: .;C:\Program Files\Eclipse Adoptium\jdk-17.0.20.8-hotspot\bin;C:\WINDOWS\SYSTEM32;C:\WINDOWS\WinSxS\amd64_microsoft.windows.common-controls_6595b64144ccf1df_6.0.26100.8972_none_3e0da176e32f9d4b;C:\Program Files\Eclipse Adoptium\jdk-17.0.20.8-hotspot\bin\server;C:\Users\hp\.gradle\native\1def1411415f61bf3af743bc5b6707747c0891f09f0c88961ee8f79bc544acac\windows-amd64;C:\Users\hp\.gradle\native\0.2.7\x86_64-windows-gnu

VM Arguments:
jvm_args: --add-opens=java.base/java.lang=ALL-UNNAMED --add-opens=java.base/java.lang.invoke=ALL-UNNAMED --add-opens=java.base/java.util=ALL-UNNAMED --add-opens=java.prefs/java.util.prefs=ALL-UNNAMED --add-exports=jdk.compiler/com.sun.tools.javac.api=ALL-UNNAMED --add-exports=jdk.compiler/com.sun.tools.javac.util=ALL-UNNAMED --add-opens=java.base/java.util=ALL-UNNAMED --add-opens=java.prefs/java.util.prefs=ALL-UNNAMED --add-opens=java.base/java.nio.charset=ALL-UNNAMED --add-opens=java.base/java.net=ALL-UNNAMED --add-opens=java.base/java.util.concurrent.atomic=ALL-UNNAMED --add-opens=java.xml/javax.xml.namespace=ALL-UNNAMED -Xmx4096m -Dfile.encoding=windows-1252 -Duser.country=US -Duser.language=en -Duser.variant -javaagent:C:\Users\hp\.gradle\wrapper\dists\gradle-8.14.3-bin\cv11ve7ro1n3o1j4so8xd9n66\gradle-8.14.3\lib\agents\gradle-instrumentation-agent-8.14.3.jar 
java_command: org.gradle.launcher.daemon.bootstrap.GradleDaemon 8.14.3
java_class_path (initial): C:\Users\hp\.gradle\wrapper\dists\gradle-8.14.3-bin\cv11ve7ro1n3o1j4so8xd9n66\gradle-8.14.3\lib\gradle-daemon-main-8.14.3.jar
Launcher Type: SUN_STANDARD

[Global flags]
     intx CICompilerCount                          = 3                                         {product} {ergonomic}
     uint ConcGCThreads                            = 1                                         {product} {ergonomic}
     uint G1ConcRefinementThreads                  = 4                                         {product} {ergonomic}
   size_t G1HeapRegionSize                         = 2097152                                   {product} {ergonomic}
    uintx GCDrainStackTargetSize                   = 64                                        {product} {ergonomic}
   size_t InitialHeapSize                          = 132120576                                 {product} {ergonomic}
   size_t MarkStackSize                            = 4194304                                   {product} {ergonomic}
   size_t MaxHeapSize                              = 4294967296                                {product} {command line}
   size_t MaxNewSize                               = 2575302656                                {product} {ergonomic}
   size_t MinHeapDeltaBytes                        = 2097152                                   {product} {ergonomic}
   size_t MinHeapSize                              = 8388608                                   {product} {ergonomic}
    uintx NonNMethodCodeHeapSize                   = 5832780                                {pd product} {ergonomic}
    uintx NonProfiledCodeHeapSize                  = 122912730                              {pd product} {ergonomic}
    uintx ProfiledCodeHeapSize                     = 122912730                              {pd product} {ergonomic}
    uintx ReservedCodeCacheSize                    = 251658240                              {pd product} {ergonomic}
     bool SegmentedCodeCache                       = true                                      {product} {ergonomic}
   size_t SoftMaxHeapSize                          = 4294967296                             {manageable} {ergonomic}
     bool UseCompressedClassPointers               = true                           {product lp64_product} {ergonomic}
     bool UseCompressedOops                        = true                           {product lp64_product} {ergonomic}
     bool UseG1GC                                  = true                                      {product} {ergonomic}
     bool UseLargePagesIndividualAllocation        = false                                  {pd product} {ergonomic}

Logging:
Log output configuration:
 #0: stdout all=warning uptime,level,tags
 #1: stderr all=off uptime,level,tags

Environment Variables:
JAVA_HOME=C:\Program Files\Eclipse Adoptium\jdk-17.0.20.8-hotspot\
PATH=C:/Users/hp/.gemini/antigravity-ide/bin;C:\Program Files\Eclipse Adoptium\jdk-17.0.20.8-hotspot\bin;C:\Program Files\Eclipse Adoptium\jdk-25.0.3.9-hotspot\bin;C:\Python314\Scripts\;C:\Python314\;C:\WINDOWS\system32;C:\WINDOWS;C:\WINDOWS\System32\Wbem;C:\WINDOWS\System32\WindowsPowerShell\v1.0\;C:\WINDOWS\System32\OpenSSH\;C:\ProgramData\chocolatey\bin;C:\Program Files\nodejs\;C:\Program Files\Git\cmd;C:\Users\hp\AppData\Local\Microsoft\WindowsApps;C:\Users\hp\AppData\Roaming\npm;C:\Users\hp\AppData\Local\Programs\Antigravity\bin;C:\Users\hp\AppData\Local\Programs\Antigravity IDE\bin
USERNAME=hp
OS=Windows_NT
PROCESSOR_IDENTIFIER=Intel64 Family 6 Model 142 Stepping 12, GenuineIntel
TMP=C:\Users\hp\AppData\Local\Temp
TEMP=C:\Users\hp\AppData\Local\Temp



Periodic native trim disabled


---------------  S Y S T E M  ---------------

OS:
 Windows 11 , 64 bit Build 26100 (10.0.26100.9168)
OS uptime: 0 days 1:29 hours

CPU: total 4 (initial active 4) (2 cores per cpu, 2 threads per core) family 6 model 142 stepping 12 microcode 0xf8, cx8, cmov, fxsr, ht, mmx, 3dnowpref, sse, sse2, sse3, ssse3, sse4.1, sse4.2, popcnt, lzcnt, tsc, tscinvbit, avx, avx2, aes, erms, clmul, bmi1, bmi2, adx, fma, vzeroupper, clflush, clflushopt
Processor Information for processor 0
  Max Mhz: 2592, Current Mhz: 2093, Mhz Limit: 2073
Processor Information for processor 1
  Max Mhz: 2592, Current Mhz: 1495, Mhz Limit: 2073
Processor Information for processor 2
  Max Mhz: 2592, Current Mhz: 2093, Mhz Limit: 2073
Processor Information for processor 3
  Max Mhz: 2592, Current Mhz: 1495, Mhz Limit: 2073

Memory: 4k page, system-wide physical 8015M (403M free)
TotalPageFile size 23379M (AvailPageFile size 1285M)
current process WorkingSet (physical memory assigned to process): 1024M, peak: 1799M
current process commit charge ("private bytes"): 2432M, peak: 2434M

vm_info: OpenJDK 64-Bit Server VM (17.0.20+8) for windows-amd64 JRE (17.0.20+8), built on Jul 22 2026 00:41:45 by "admin" with MS VC++ 17.12 (VS2022)

END.
